Arealregnskap[Kommune],Arealregnskap[Arealformålsgruppe],Arealregnskap[Planreservekategori],Arealregnskap[Arealtype],[Dekar]
Færder,01 Bolig eller sentrumsformål,Antatt planreserve,Ferskvann,0.7441363614961972
Færder,01 Bolig eller sentrumsformål,Antatt planreserve,Fulldyrka jord,140.17167015109717
Færder,01 Bolig eller sentrumsformål,Antatt planreserve,Hav,3.735864380573335
Færder,01 Bolig eller sentrumsformål,Antatt planreserve,Innmarksbeite,3.3096261669412126
Færder,01 Bolig eller sentrumsformål,Antatt planreserve,Overflatedyrka jord,4.617193329732253
Færder,01 Bolig eller sentrumsformål,Antatt planreserve,Skog,945.754415794769
Færder,01 Bolig eller sentrumsformål,Antatt planreserve,Åpen fastmark,203.1538165009961
Færder,01 Bolig eller sentrumsformål,Planlagt og i bruk,Bebygd,9400.334042443388
Færder,01 Bolig eller sentrumsformål,Planlagt og i bruk,Ferskvann,4.953666087710947
Færder,01 Bolig eller sentrumsformål,Planlagt og i bruk,Fulldyrka jord,70.54497673565331
Færder,01 Bolig eller sentrumsformål,Planlagt og i bruk,Hav,6.4761541170549535
Færder,01 Bolig eller sentrumsformål,Planlagt og i bruk,Innmarksbeite,2.029599051978973
Færder,01 Bolig eller sentrumsformål,Planlagt og i bruk,Overflatedyrka jord,0.7442999669528636
Færder,01 Bolig eller sentrumsformål,Planlagt og i bruk,Samferdsel,938.3112279900676
Færder,01 Bolig eller sentrumsformål,Planlagt og i bruk,Skog,1042.9731620301632
Færder,01 Bolig eller sentrumsformål,Planlagt og i bruk,Åpen fastmark,337.45837030163835
Færder,02 Fritidsbebyggelse,Antatt planreserve,Ferskvann,0.28054895049218653
Færder,02 Fritidsbebyggelse,Antatt planreserve,Fulldyrka jord,5.9805705757108045
Færder,02 Fritidsbebyggelse,Antatt planreserve,Hav,11.689254597013012
Færder,02 Fritidsbebyggelse,Antatt planreserve,Innmarksbeite,0.5146219287520941
Færder,02 Fritidsbebyggelse,Antatt planreserve,Skog,421.48199806762705
Færder,02 Fritidsbebyggelse,Antatt planreserve,Åpen fastmark,212.73318008562865
Færder,02 Fritidsbebyggelse,Planlagt og i bruk,Bebygd,1176.5437680636887
Færder,02 Fritidsbebyggelse,Planlagt og i bruk,Ferskvann,2.3434933109650427
Færder,02 Fritidsbebyggelse,Planlagt og i bruk,Fulldyrka jord,5.250828529788225
Færder,02 Fritidsbebyggelse,Planlagt og i bruk,Hav,7.639671422480958
Færder,02 Fritidsbebyggelse,Planlagt og i bruk,Innmarksbeite,0.05114504623819875
Færder,02 Fritidsbebyggelse,Planlagt og i bruk,Samferdsel,105.56936371739391
Færder,02 Fritidsbebyggelse,Planlagt og i bruk,Skog,428.47546435982
Færder,02 Fritidsbebyggelse,Planlagt og i bruk,Åpen fastmark,202.0206941303064
Færder,03 Tjenesteyting,Antatt planreserve,Ferskvann,0.2968726423887724
Færder,03 Tjenesteyting,Antatt planreserve,Fulldyrka jord,20.940210964530927
Færder,03 Tjenesteyting,Antatt planreserve,Hav,0.3479482713211916
Færder,03 Tjenesteyting,Antatt planreserve,Skog,94.76886940909768
Færder,03 Tjenesteyting,Antatt planreserve,Åpen fastmark,14.880270217154978
Færder,03 Tjenesteyting,Planlagt og i bruk,Bebygd,418.83971796399265
Færder,03 Tjenesteyting,Planlagt og i bruk,Ferskvann,0.3645684220223703
Færder,03 Tjenesteyting,Planlagt og i bruk,Fulldyrka jord,11.591518683350815
Færder,03 Tjenesteyting,Planlagt og i bruk,Samferdsel,39.974675339105914
Færder,03 Tjenesteyting,Planlagt og i bruk,Skog,55.217157667676496
Færder,03 Tjenesteyting,Planlagt og i bruk,Åpen fastmark,19.398855289972303
Færder,04 Handel,Antatt planreserve,Fulldyrka jord,10.367176353415514
Færder,04 Handel,Antatt planreserve,Skog,30.579845786311203
Færder,04 Handel,Antatt planreserve,Åpen fastmark,21.373126811859933
Færder,04 Handel,Planlagt og i bruk,Bebygd,83.24854471035954
Færder,04 Handel,Planlagt og i bruk,Ferskvann,0.013958069400769468
Færder,04 Handel,Planlagt og i bruk,Fulldyrka jord,1.6037697424014574
Færder,04 Handel,Planlagt og i bruk,Hav,0.08343282132565581
Færder,04 Handel,Planlagt og i bruk,Samferdsel,8.027931475377958
Færder,04 Handel,Planlagt og i bruk,Skog,1.0956445223544915
Færder,04 Handel,Planlagt og i bruk,Åpen fastmark,3.0702214438886997
Færder,05 Turistformål,Planlagt og i bruk,Bebygd,118.77032568879049
Færder,05 Turistformål,Planlagt og i bruk,Ferskvann,0.5280346690362677
Færder,05 Turistformål,Planlagt og i bruk,Fulldyrka jord,5.300282444358311
Færder,05 Turistformål,Planlagt og i bruk,Hav,0.1026146493785039
Færder,05 Turistformål,Planlagt og i bruk,Innmarksbeite,0.04544495291846911
Færder,05 Turistformål,Planlagt og i bruk,Samferdsel,23.828938951205426
Færder,05 Turistformål,Planlagt og i bruk,Skog,78.13806652091436
Færder,05 Turistformål,Planlagt og i bruk,Åpen fastmark,59.754892640634374
Færder,06 Næringsvirksomhet,Antatt planreserve,Ferskvann,0.1449130250592183
Færder,06 Næringsvirksomhet,Antatt planreserve,Fulldyrka jord,5.713934691630611
Færder,06 Næringsvirksomhet,Antatt planreserve,Hav,13.646446376487944
Færder,06 Næringsvirksomhet,Antatt planreserve,Skog,66.94212956200167
Færder,06 Næringsvirksomhet,Antatt planreserve,Åpen fastmark,18.882047246169414
Færder,06 Næringsvirksomhet,Planlagt og i bruk,Bebygd,399.51463332417353
Færder,06 Næringsvirksomhet,Planlagt og i bruk,Ferskvann,0.020729288132135353
Færder,06 Næringsvirksomhet,Planlagt og i bruk,Fulldyrka jord,0.9063602553892853
Færder,06 Næringsvirksomhet,Planlagt og i bruk,Hav,3.77528409199536
Færder,06 Næringsvirksomhet,Planlagt og i bruk,Samferdsel,70.9984916258429
Færder,06 Næringsvirksomhet,Planlagt og i bruk,Skog,28.29047610802697
Færder,06 Næringsvirksomhet,Planlagt og i bruk,Åpen fastmark,11.04340575158988
Færder,07 Råstoffutvinning,Antatt planreserve,Skog,82.70332576032689
Færder,07 Råstoffutvinning,Antatt planreserve,Åpen fastmark,5.451137258463775
Færder,07 Råstoffutvinning,Planlagt og i bruk,Bebygd,60.2612689248917
Færder,07 Råstoffutvinning,Planlagt og i bruk,Ferskvann,15.678428010418122
Færder,07 Råstoffutvinning,Planlagt og i bruk,Samferdsel,5.9398118375961975
Færder,07 Råstoffutvinning,Planlagt og i bruk,Skog,1.8492044655078597
Færder,07 Råstoffutvinning,Planlagt og i bruk,Åpen fastmark,0.9140937619500505
Færder,08 Kombinerte formål,Antatt planreserve,Ferskvann,0.5264128437212376
Færder,08 Kombinerte formål,Antatt planreserve,Fulldyrka jord,107.81251065775908
Færder,08 Kombinerte formål,Antatt planreserve,Skog,111.64724701671209
Færder,08 Kombinerte formål,Antatt planreserve,Åpen fastmark,17.510583291561183
Færder,08 Kombinerte formål,Planlagt og i bruk,Bebygd,338.0837753492694
Færder,08 Kombinerte formål,Planlagt og i bruk,Ferskvann,0.24763308751783497
Færder,08 Kombinerte formål,Planlagt og i bruk,Fulldyrka jord,10.208213768390692
Færder,08 Kombinerte formål,Planlagt og i bruk,Hav,0.09170661180595174
Færder,08 Kombinerte formål,Planlagt og i bruk,Samferdsel,55.202676255125596
Færder,08 Kombinerte formål,Planlagt og i bruk,Skog,45.24070063416161
Færder,08 Kombinerte formål,Planlagt og i bruk,Åpen fastmark,29.160166625145052
Færder,09 Idrettsanlegg,Antatt planreserve,Ferskvann,0.2989714475431713
Færder,09 Idrettsanlegg,Antatt planreserve,Fulldyrka jord,1.2629082602095614
Færder,09 Idrettsanlegg,Antatt planreserve,Skog,257.6480449801023
Færder,09 Idrettsanlegg,Antatt planreserve,Åpen fastmark,11.18274369203247
Færder,09 Idrettsanlegg,Planlagt og i bruk,Bebygd,67.574783249712
Færder,09 Idrettsanlegg,Planlagt og i bruk,Ferskvann,47.33725644653212
Færder,09 Idrettsanlegg,Planlagt og i bruk,Fulldyrka jord,3.105798263072429
Færder,09 Idrettsanlegg,Planlagt og i bruk,Innmarksbeite,0.0175715273381144
Færder,09 Idrettsanlegg,Planlagt og i bruk,Myr,0.1543249728696683
Færder,09 Idrettsanlegg,Planlagt og i bruk,Samferdsel,39.02285044999515
Færder,09 Idrettsanlegg,Planlagt og i bruk,Skog,127.61894159843736
Færder,09 Idrettsanlegg,Planlagt og i bruk,Åpen fastmark,757.0439725492935
Færder,10 Andre formål,Planlagt og i bruk,Bebygd,199.63814629545612
Færder,10 Andre formål,Planlagt og i bruk,Ferskvann,0.24718209997747734
Færder,10 Andre formål,Planlagt og i bruk,Fulldyrka jord,7.952593404186298
Færder,10 Andre formål,Planlagt og i bruk,Hav,1.5877115834570694
Færder,10 Andre formål,Planlagt og i bruk,Innmarksbeite,0.6152589679896568
Færder,10 Andre formål,Planlagt og i bruk,Myr,12.612223971998853
Færder,10 Andre formål,Planlagt og i bruk,Overflatedyrka jord,0.018064650330404792
Færder,10 Andre formål,Planlagt og i bruk,Samferdsel,23.08487749092605
Færder,10 Andre formål,Planlagt og i bruk,Skog,77.478866789723
Færder,10 Andre formål,Planlagt og i bruk,Åpen fastmark,28.634302017533848
Færder,11 Samferdselsanlegg,Antatt planreserve,Fulldyrka jord,27.96322745777062
Færder,11 Samferdselsanlegg,Antatt planreserve,Innmarksbeite,0.5915947895358178
Færder,11 Samferdselsanlegg,Antatt planreserve,Skog,64.90464338184867
Færder,11 Samferdselsanlegg,Antatt planreserve,Åpen fastmark,19.31869348992856
Færder,11 Samferdselsanlegg,Planlagt og i bruk,Bebygd,367.1246410590563
Færder,11 Samferdselsanlegg,Planlagt og i bruk,Ferskvann,0.6281432275568684
Færder,11 Samferdselsanlegg,Planlagt og i bruk,Fulldyrka jord,65.17137109098071
Færder,11 Samferdselsanlegg,Planlagt og i bruk,Hav,1.0740855328448333
Færder,11 Samferdselsanlegg,Planlagt og i bruk,Innmarksbeite,1.1912759388579417
Færder,11 Samferdselsanlegg,Planlagt og i bruk,Overflatedyrka jord,0.06392831136878746
Færder,11 Samferdselsanlegg,Planlagt og i bruk,Samferdsel,1765.7329287345347
Færder,11 Samferdselsanlegg,Planlagt og i bruk,Skog,101.3838647118571
Færder,11 Samferdselsanlegg,Planlagt og i bruk,Åpen fastmark,78.47324776560968
Færder,12 Blå/grønnstruktur,Planlagt og i bruk,Bebygd,397.75488168420907
Færder,12 Blå/grønnstruktur,Planlagt og i bruk,Ferskvann,14.207819375206935
Færder,12 Blå/grønnstruktur,Planlagt og i bruk,Fulldyrka jord,68.55836447098878
Færder,12 Blå/grønnstruktur,Planlagt og i bruk,Hav,35.02434463310619
Færder,12 Blå/grønnstruktur,Planlagt og i bruk,Innmarksbeite,19.295618646874566
Færder,12 Blå/grønnstruktur,Planlagt og i bruk,Myr,15.662419984094674
Færder,12 Blå/grønnstruktur,Planlagt og i bruk,Overflatedyrka jord,2.5078622115814126
Færder,12 Blå/grønnstruktur,Planlagt og i bruk,Samferdsel,147.00634670840563
Færder,12 Blå/grønnstruktur,Planlagt og i bruk,Skog,3679.720933057949
Færder,12 Blå/grønnstruktur,Planlagt og i bruk,Åpen fastmark,1053.094143484142
Færder,13 Forsvaret,Planlagt og i bruk,Bebygd,43.45955134734284
Færder,13 Forsvaret,Planlagt og i bruk,Ferskvann,0.10633149999945507
Færder,13 Forsvaret,Planlagt og i bruk,Hav,2.6542305898050302
Færder,13 Forsvaret,Planlagt og i bruk,Samferdsel,26.87872899421095
Færder,13 Forsvaret,Planlagt og i bruk,Skog,491.8601233523655
Færder,13 Forsvaret,Planlagt og i bruk,Åpen fastmark,62.10418646774039
Færder,14 LNFR,Planlagt og i bruk,Bebygd,3517.781992640063
Færder,14 LNFR,Planlagt og i bruk,Ferskvann,30.783367968757116
Færder,14 LNFR,Planlagt og i bruk,Fulldyrka jord,10444.712424026653
Færder,14 LNFR,Planlagt og i bruk,Hav,10.554294519161003
Færder,14 LNFR,Planlagt og i bruk,Innmarksbeite,221.52887125099403
Færder,14 LNFR,Planlagt og i bruk,Myr,30.59442355219318
Færder,14 LNFR,Planlagt og i bruk,Overflatedyrka jord,48.10987386987502
Færder,14 LNFR,Planlagt og i bruk,Samferdsel,1053.7741549267569
Færder,14 LNFR,Planlagt og i bruk,Skog,30169.929753504235
Færder,14 LNFR,Planlagt og i bruk,Åpen fastmark,14171.039165024817
Færder,15 LNFR spredt,Planlagt og i bruk,Bebygd,673.8968188270452
Færder,15 LNFR spredt,Planlagt og i bruk,Ferskvann,23.102858172557163
Færder,15 LNFR spredt,Planlagt og i bruk,Fulldyrka jord,1645.3489331465664
Færder,15 LNFR spredt,Planlagt og i bruk,Hav,0.7849496440370094
Færder,15 LNFR spredt,Planlagt og i bruk,Innmarksbeite,45.19198069974323
Færder,15 LNFR spredt,Planlagt og i bruk,Myr,0.9825199808973625
Færder,15 LNFR spredt,Planlagt og i bruk,Overflatedyrka jord,40.36185824476279
Færder,15 LNFR spredt,Planlagt og i bruk,Samferdsel,315.59106365510854
Færder,15 LNFR spredt,Planlagt og i bruk,Skog,7080.888406629031
Færder,15 LNFR spredt,Planlagt og i bruk,Åpen fastmark,1097.0615998265748
Færder,16 Havner og småbåthavner,Planlagt og i bruk,Bebygd,54.83502138338245
Færder,16 Havner og småbåthavner,Planlagt og i bruk,Fulldyrka jord,0.1011137672741008
Færder,16 Havner og småbåthavner,Planlagt og i bruk,Hav,790.5209384424983
Færder,16 Havner og småbåthavner,Planlagt og i bruk,Samferdsel,42.561821383646134
Færder,16 Havner og småbåthavner,Planlagt og i bruk,Skog,7.244584691247936
Færder,16 Havner og småbåthavner,Planlagt og i bruk,Åpen fastmark,21.553706646338465
Færder,"17 Sjø og vassdrag, flerbruk",Planlagt og i bruk,Bebygd,2.1873391168910197
Færder,"17 Sjø og vassdrag, flerbruk",Planlagt og i bruk,Ferskvann,256.88576478414024
Færder,"17 Sjø og vassdrag, flerbruk",Planlagt og i bruk,Hav,467900.7577661722
Færder,"17 Sjø og vassdrag, flerbruk",Planlagt og i bruk,Myr,0.16415163903405974
Færder,"17 Sjø og vassdrag, flerbruk",Planlagt og i bruk,Samferdsel,4.573931117506007
Færder,"17 Sjø og vassdrag, flerbruk",Planlagt og i bruk,Skog,5.00546958201982
Færder,"17 Sjø og vassdrag, flerbruk",Planlagt og i bruk,Åpen fastmark,11.696940320526233
Færder,18 Akvakultur,Planlagt og i bruk,Bebygd,3.475940249444372
Færder,18 Akvakultur,Planlagt og i bruk,Hav,1.80897683537175
Færder,18 Akvakultur,Planlagt og i bruk,Samferdsel,2.9208919038034895
Færder,18 Akvakultur,Planlagt og i bruk,Skog,0.037559176871338466
Færder,18 Akvakultur,Planlagt og i bruk,Åpen fastmark,1.536406190856861
Færder,19 Udefinert,Planlagt og i bruk,Bebygd,83.74367415727303
Færder,19 Udefinert,Planlagt og i bruk,Ferskvann,1.1400819040212022
Færder,19 Udefinert,Planlagt og i bruk,Fulldyrka jord,61.9008462949187
Færder,19 Udefinert,Planlagt og i bruk,Hav,51.961978760924666
Færder,19 Udefinert,Planlagt og i bruk,Innmarksbeite,4.862809130704048
Færder,19 Udefinert,Planlagt og i bruk,Myr,0.9503109449455244
Færder,19 Udefinert,Planlagt og i bruk,Samferdsel,13.839906233488167
Færder,19 Udefinert,Planlagt og i bruk,Skog,119.10189020644752
Færder,19 Udefinert,Planlagt og i bruk,Åpen fastmark,33.848323280444596
Holmestrand,01 Bolig eller sentrumsformål,Antatt planreserve,Bebygd,4.572336691146084
Holmestrand,01 Bolig eller sentrumsformål,Antatt planreserve,Ferskvann,0.17634591444600944
Holmestrand,01 Bolig eller sentrumsformål,Antatt planreserve,Fulldyrka jord,123.88506981938674
Holmestrand,01 Bolig eller sentrumsformål,Antatt planreserve,Hav,0.04647732285521419
Holmestrand,01 Bolig eller sentrumsformål,Antatt planreserve,Innmarksbeite,16.825342355065672
Holmestrand,01 Bolig eller sentrumsformål,Antatt planreserve,Overflatedyrka jord,0.7203694394033077
Holmestrand,01 Bolig eller sentrumsformål,Antatt planreserve,Skog,1020.1278193087516
Holmestrand,01 Bolig eller sentrumsformål,Antatt planreserve,Åpen fastmark,113.4181397637205
Holmestrand,01 Bolig eller sentrumsformål,Planlagt og i bruk,Bebygd,6306.126509740658
Holmestrand,01 Bolig eller sentrumsformål,Planlagt og i bruk,Ferskvann,20.26320139314186
Holmestrand,01 Bolig eller sentrumsformål,Planlagt og i bruk,Fulldyrka jord,46.58085114447702
Holmestrand,01 Bolig eller sentrumsformål,Planlagt og i bruk,Hav,0.3174179155207393
Holmestrand,01 Bolig eller sentrumsformål,Planlagt og i bruk,Innmarksbeite,3.4144438531829864
Holmestrand,01 Bolig eller sentrumsformål,Planlagt og i bruk,Overflatedyrka jord,0.007307481179150444
Holmestrand,01 Bolig eller sentrumsformål,Planlagt og i bruk,Samferdsel,678.2849747051309
Holmestrand,01 Bolig eller sentrumsformål,Planlagt og i bruk,Skog,515.2341338615204
Holmestrand,01 Bolig eller sentrumsformål,Planlagt og i bruk,Åpen fastmark,124.88437215347773
Holmestrand,02 Fritidsbebyggelse,Antatt planreserve,Bebygd,0.7464075277412276
Holmestrand,02 Fritidsbebyggelse,Antatt planreserve,Ferskvann,0.0267197499960193
Holmestrand,02 Fritidsbebyggelse,Antatt planreserve,Fulldyrka jord,143.45194805541848
Holmestrand,02 Fritidsbebyggelse,Antatt planreserve,Hav,0.4107047249689749
Holmestrand,02 Fritidsbebyggelse,Antatt planreserve,Overflatedyrka jord,2.042387237474343
Holmestrand,02 Fritidsbebyggelse,Antatt planreserve,Skog,845.6660101776307
Holmestrand,02 Fritidsbebyggelse,Antatt planreserve,Åpen fastmark,10.27596062611323
Holmestrand,02 Fritidsbebyggelse,Planlagt og i bruk,Bebygd,961.4266995943212
Holmestrand,02 Fritidsbebyggelse,Planlagt og i bruk,Ferskvann,27.737365234977176
Holmestrand,02 Fritidsbebyggelse,Planlagt og i bruk,Fulldyrka jord,17.527002380956574
Holmestrand,02 Fritidsbebyggelse,Planlagt og i bruk,Hav,2.501518254634879
Holmestrand,02 Fritidsbebyggelse,Planlagt og i bruk,Overflatedyrka jord,0.24423359630831443
Holmestrand,02 Fritidsbebyggelse,Planlagt og i bruk,Samferdsel,151.53781087014474
Holmestrand,02 Fritidsbebyggelse,Planlagt og i bruk,Skog,345.7202787698255
Holmestrand,02 Fritidsbebyggelse,Planlagt og i bruk,Åpen fastmark,14.311575541786318
Holmestrand,03 Tjenesteyting,Antatt planreserve,Bebygd,16.762826305386128
Holmestrand,03 Tjenesteyting,Antatt planreserve,Fulldyrka jord,66.01195920971908
Holmestrand,03 Tjenesteyting,Antatt planreserve,Innmarksbeite,0.5049396117307436
Holmestrand,03 Tjenesteyting,Antatt planreserve,Skog,664.0255195731773
Holmestrand,03 Tjenesteyting,Antatt planreserve,Åpen fastmark,32.613117675686446
Holmestrand,03 Tjenesteyting,Planlagt og i bruk,Bebygd,489.49681868623446
Holmestrand,03 Tjenesteyting,Planlagt og i bruk,Ferskvann,0.4365251710113144
Holmestrand,03 Tjenesteyting,Planlagt og i bruk,Fulldyrka jord,5.129140491741325
Holmestrand,03 Tjenesteyting,Planlagt og i bruk,Hav,0.061628363306724804
Holmestrand,03 Tjenesteyting,Planlagt og i bruk,Innmarksbeite,1.9184411150566079
Holmestrand,03 Tjenesteyting,Planlagt og i bruk,Samferdsel,50.9631928233131
Holmestrand,03 Tjenesteyting,Planlagt og i bruk,Skog,39.284236708640876
Holmestrand,03 Tjenesteyting,Planlagt og i bruk,Åpen fastmark,31.623285800251267
Holmestrand,04 Handel,Antatt planreserve,Fulldyrka jord,3.6292079922698064
Holmestrand,04 Handel,Antatt planreserve,Skog,1.7332263603356661
Holmestrand,04 Handel,Antatt planreserve,Åpen fastmark,0.5418041112184725
Holmestrand,04 Handel,Planlagt og i bruk,Bebygd,55.77833724660776
Holmestrand,04 Handel,Planlagt og i bruk,Ferskvann,0.07627497746501412
Holmestrand,04 Handel,Planlagt og i bruk,Fulldyrka jord,0.0958112863395584
Holmestrand,04 Handel,Planlagt og i bruk,Samferdsel,4.960271099180967
Holmestrand,04 Handel,Planlagt og i bruk,Skog,1.0137172992283459
Holmestrand,04 Handel,Planlagt og i bruk,Åpen fastmark,0.24557031120353745
Holmestrand,05 Turistformål,Planlagt og i bruk,Bebygd,92.18025614559583
Holmestrand,05 Turistformål,Planlagt og i bruk,Ferskvann,1.011184652063548
Holmestrand,05 Turistformål,Planlagt og i bruk,Fulldyrka jord,19.91969963205181
Holmestrand,05 Turistformål,Planlagt og i bruk,Hav,0.24924197293437766
Holmestrand,05 Turistformål,Planlagt og i bruk,Samferdsel,18.285574942595787
Holmestrand,05 Turistformål,Planlagt og i bruk,Skog,56.32121896944434
Holmestrand,05 Turistformål,Planlagt og i bruk,Åpen fastmark,12.673838931514291
Holmestrand,06 Næringsvirksomhet,Antatt planreserve,Ferskvann,0.14701228285645085
Holmestrand,06 Næringsvirksomhet,Antatt planreserve,Fulldyrka jord,86.14508140387196
Holmestrand,06 Næringsvirksomhet,Antatt planreserve,Hav,5.932500648136253
Holmestrand,06 Næringsvirksomhet,Antatt planreserve,Innmarksbeite,0.6396763214484325
Holmestrand,06 Næringsvirksomhet,Antatt planreserve,Myr,27.034464287969342
Holmestrand,06 Næringsvirksomhet,Antatt planreserve,Skog,488.5107869827716
Holmestrand,06 Næringsvirksomhet,Antatt planreserve,Åpen fastmark,170.88443985250288
Holmestrand,06 Næringsvirksomhet,Planlagt og i bruk,Bebygd,1367.814650306941
Holmestrand,06 Næringsvirksomhet,Planlagt og i bruk,Ferskvann,7.743029004687379
Holmestrand,06 Næringsvirksomhet,Planlagt og i bruk,Fulldyrka jord,5.578222066861471
Holmestrand,06 Næringsvirksomhet,Planlagt og i bruk,Hav,0.39019243756414307
Holmestrand,06 Næringsvirksomhet,Planlagt og i bruk,Innmarksbeite,2.0492610896379633
Holmestrand,06 Næringsvirksomhet,Planlagt og i bruk,Samferdsel,299.2103345009991
Holmestrand,06 Næringsvirksomhet,Planlagt og i bruk,Skog,37.470755621541386
Holmestrand,06 Næringsvirksomhet,Planlagt og i bruk,Åpen fastmark,33.11723844268889
Holmestrand,07 Råstoffutvinning,Antatt planreserve,Myr,76.52147180881818
Holmestrand,07 Råstoffutvinning,Antatt planreserve,Skog,255.98981728754558
Holmestrand,07 Råstoffutvinning,Antatt planreserve,Åpen fastmark,12.347974397823926
Holmestrand,07 Råstoffutvinning,Planlagt og i bruk,Bebygd,333.2607018912917
Holmestrand,07 Råstoffutvinning,Planlagt og i bruk,Ferskvann,2.1454796878465956
Holmestrand,07 Råstoffutvinning,Planlagt og i bruk,Samferdsel,24.082917473554218
Holmestrand,07 Råstoffutvinning,Planlagt og i bruk,Skog,2.6572588837494315
Holmestrand,07 Råstoffutvinning,Planlagt og i bruk,Åpen fastmark,2.5064028789518704
Holmestrand,08 Kombinerte formål,Antatt planreserve,Bebygd,1.5030254489636474
Holmestrand,08 Kombinerte formål,Antatt planreserve,Fulldyrka jord,69.15376341331462
Holmestrand,08 Kombinerte formål,Antatt planreserve,Skog,3.349991673294067
Holmestrand,08 Kombinerte formål,Antatt planreserve,Åpen fastmark,16.82009611368673
Holmestrand,08 Kombinerte formål,Planlagt og i bruk,Bebygd,276.3979140921988
Holmestrand,08 Kombinerte formål,Planlagt og i bruk,Ferskvann,0.6932201810675049
Holmestrand,08 Kombinerte formål,Planlagt og i bruk,Fulldyrka jord,1.8472209856182051
Holmestrand,08 Kombinerte formål,Planlagt og i bruk,Hav,0.08844506455348677
Holmestrand,08 Kombinerte formål,Planlagt og i bruk,Innmarksbeite,0.2303308267042671
Holmestrand,08 Kombinerte formål,Planlagt og i bruk,Samferdsel,31.959866152565176
Holmestrand,08 Kombinerte formål,Planlagt og i bruk,Skog,10.06283871606068
Holmestrand,08 Kombinerte formål,Planlagt og i bruk,Åpen fastmark,21.736708325931886
Holmestrand,09 Idrettsanlegg,Antatt planreserve,Ferskvann,0.6974498208673927
Holmestrand,09 Idrettsanlegg,Antatt planreserve,Fulldyrka jord,459.9662745365448
Holmestrand,09 Idrettsanlegg,Antatt planreserve,Innmarksbeite,8.137589165271043
Holmestrand,09 Idrettsanlegg,Antatt planreserve,Myr,3.2644943308608654
Holmestrand,09 Idrettsanlegg,Antatt planreserve,Skog,431.0792879697779
Holmestrand,09 Idrettsanlegg,Antatt planreserve,Åpen fastmark,140.34574382496567
Holmestrand,09 Idrettsanlegg,Planlagt og i bruk,Bebygd,113.63305202469236
Holmestrand,09 Idrettsanlegg,Planlagt og i bruk,Ferskvann,40.72949861711579
Holmestrand,09 Idrettsanlegg,Planlagt og i bruk,Fulldyrka jord,88.09738697081104
Holmestrand,09 Idrettsanlegg,Planlagt og i bruk,Innmarksbeite,26.97275043556472
Holmestrand,09 Idrettsanlegg,Planlagt og i bruk,Myr,15.882293892959831
Holmestrand,09 Idrettsanlegg,Planlagt og i bruk,Samferdsel,49.49763549965784
Holmestrand,09 Idrettsanlegg,Planlagt og i bruk,Skog,128.47901830746082
Holmestrand,09 Idrettsanlegg,Planlagt og i bruk,Åpen fastmark,924.285979252704
Holmestrand,10 Andre formål,Planlagt og i bruk,Bebygd,301.6951963798711
Holmestrand,10 Andre formål,Planlagt og i bruk,Ferskvann,0.6607060224155097
Holmestrand,10 Andre formål,Planlagt og i bruk,Fulldyrka jord,25.620710380834634
Holmestrand,10 Andre formål,Planlagt og i bruk,Hav,3.9177836138326776
Holmestrand,10 Andre formål,Planlagt og i bruk,Innmarksbeite,0.38915762231533496
Holmestrand,10 Andre formål,Planlagt og i bruk,Myr,0.813561133316864
Holmestrand,10 Andre formål,Planlagt og i bruk,Overflatedyrka jord,1.0959833632013956
Holmestrand,10 Andre formål,Planlagt og i bruk,Samferdsel,25.442313116314175
Holmestrand,10 Andre formål,Planlagt og i bruk,Skog,104.3775612614086
Holmestrand,10 Andre formål,Planlagt og i bruk,Åpen fastmark,90.87551897958953
Holmestrand,11 Samferdselsanlegg,Antatt planreserve,Bebygd,2.2423847320341794
Holmestrand,11 Samferdselsanlegg,Antatt planreserve,Ferskvann,0.05652421217029912
Holmestrand,11 Samferdselsanlegg,Antatt planreserve,Fulldyrka jord,31.690407646212076
Holmestrand,11 Samferdselsanlegg,Antatt planreserve,Hav,3.724758234191326
Holmestrand,11 Samferdselsanlegg,Antatt planreserve,Innmarksbeite,3.5031890635985667
Holmestrand,11 Samferdselsanlegg,Antatt planreserve,Overflatedyrka jord,0.7681675942990199
Holmestrand,11 Samferdselsanlegg,Antatt planreserve,Skog,107.41862447255052
Holmestrand,11 Samferdselsanlegg,Antatt planreserve,Åpen fastmark,47.58301342068551
Holmestrand,11 Samferdselsanlegg,Planlagt og i bruk,Bebygd,427.91121743263915
Holmestrand,11 Samferdselsanlegg,Planlagt og i bruk,Ferskvann,1.3481204737247616
Holmestrand,11 Samferdselsanlegg,Planlagt og i bruk,Fulldyrka jord,157.33050525387355
Holmestrand,11 Samferdselsanlegg,Planlagt og i bruk,Hav,5.733642621395848
Holmestrand,11 Samferdselsanlegg,Planlagt og i bruk,Innmarksbeite,10.11821937987502
Holmestrand,11 Samferdselsanlegg,Planlagt og i bruk,Myr,0.8468362012353561
Holmestrand,11 Samferdselsanlegg,Planlagt og i bruk,Overflatedyrka jord,0.45892598525211725
Holmestrand,11 Samferdselsanlegg,Planlagt og i bruk,Samferdsel,2052.296959919175
Holmestrand,11 Samferdselsanlegg,Planlagt og i bruk,Skog,315.12739153546045
Holmestrand,11 Samferdselsanlegg,Planlagt og i bruk,Åpen fastmark,568.9932767492752
Holmestrand,12 Blå/grønnstruktur,Planlagt og i bruk,Bebygd,833.8366044474782
Holmestrand,12 Blå/grønnstruktur,Planlagt og i bruk,Ferskvann,36.008609976241914
Holmestrand,12 Blå/grønnstruktur,Planlagt og i bruk,Fulldyrka jord,62.61352624995416
Holmestrand,12 Blå/grønnstruktur,Planlagt og i bruk,Hav,15.282200338860212
Holmestrand,12 Blå/grønnstruktur,Planlagt og i bruk,Innmarksbeite,12.06332724386841
Holmestrand,12 Blå/grønnstruktur,Planlagt og i bruk,Overflatedyrka jord,1.5075190184267129
Holmestrand,12 Blå/grønnstruktur,Planlagt og i bruk,Samferdsel,127.82598779597535
Holmestrand,12 Blå/grønnstruktur,Planlagt og i bruk,Skog,1884.8697231583153
Holmestrand,12 Blå/grønnstruktur,Planlagt og i bruk,Åpen fastmark,321.26473206664195
Holmestrand,14 LNFR,Planlagt og i bruk,Bebygd,5589.012863569386
Holmestrand,14 LNFR,Planlagt og i bruk,Ferskvann,8.885126203041917
Holmestrand,14 LNFR,Planlagt og i bruk,Fulldyrka jord,58626.21141212457
Holmestrand,14 LNFR,Planlagt og i bruk,Innmarksbeite,2591.7574833912568
Holmestrand,14 LNFR,Planlagt og i bruk,Myr,5463.509299963098
Holmestrand,14 LNFR,Planlagt og i bruk,Overflatedyrka jord,272.7415334584486
Holmestrand,14 LNFR,Planlagt og i bruk,Samferdsel,6135.223980069558
Holmestrand,14 LNFR,Planlagt og i bruk,Skog,289291.91679444566
Holmestrand,14 LNFR,Planlagt og i bruk,Åpen fastmark,3542.7802511986165
Holmestrand,15 LNFR spredt,Planlagt og i bruk,Bebygd,642.5102238583924
Holmestrand,15 LNFR spredt,Planlagt og i bruk,Ferskvann,33.21595747150265
Holmestrand,15 LNFR spredt,Planlagt og i bruk,Fulldyrka jord,3854.800237755683
Holmestrand,15 LNFR spredt,Planlagt og i bruk,Hav,0.18999227104269037
Holmestrand,15 LNFR spredt,Planlagt og i bruk,Innmarksbeite,155.84226133787163
Holmestrand,15 LNFR spredt,Planlagt og i bruk,Myr,55.40305358543729
Holmestrand,15 LNFR spredt,Planlagt og i bruk,Overflatedyrka jord,27.032262365763042
Holmestrand,15 LNFR spredt,Planlagt og i bruk,Samferdsel,347.1827034750884
Holmestrand,15 LNFR spredt,Planlagt og i bruk,Skog,5783.492402359111
Holmestrand,15 LNFR spredt,Planlagt og i bruk,Åpen fastmark,155.09298663680764
Holmestrand,16 Havner og småbåthavner,Planlagt og i bruk,Bebygd,13.016860607424869
Holmestrand,16 Havner og småbåthavner,Planlagt og i bruk,Ferskvann,20.359830896612536
Holmestrand,16 Havner og småbåthavner,Planlagt og i bruk,Hav,664.4241142960184
Holmestrand,16 Havner og småbåthavner,Planlagt og i bruk,Samferdsel,17.86592104107135
Holmestrand,16 Havner og småbåthavner,Planlagt og i bruk,Skog,0.8447300788552684
Holmestrand,16 Havner og småbåthavner,Planlagt og i bruk,Åpen fastmark,8.18988062423002
Holmestrand,"17 Sjø og vassdrag, flerbruk",Planlagt og i bruk,Bebygd,24.129665853291552
Holmestrand,"17 Sjø og vassdrag, flerbruk",Planlagt og i bruk,Ferskvann,21973.786748021394
Holmestrand,"17 Sjø og vassdrag, flerbruk",Planlagt og i bruk,Fulldyrka jord,0.21935237067456947
Holmestrand,"17 Sjø og vassdrag, flerbruk",Planlagt og i bruk,Hav,54186.662036582224
Holmestrand,"17 Sjø og vassdrag, flerbruk",Planlagt og i bruk,Myr,1.9369450141611746
Holmestrand,"17 Sjø og vassdrag, flerbruk",Planlagt og i bruk,Overflatedyrka jord,0.04815214017861982
Holmestrand,"17 Sjø og vassdrag, flerbruk",Planlagt og i bruk,Samferdsel,2.8360993358466158
Holmestrand,"17 Sjø og vassdrag, flerbruk",Planlagt og i bruk,Skog,33.20064850234707
Holmestrand,"17 Sjø og vassdrag, flerbruk",Planlagt og i bruk,Åpen fastmark,9.839645396443565
Holmestrand,18 Akvakultur,Planlagt og i bruk,Ferskvann,2.6232999739791323
Holmestrand,18 Akvakultur,Planlagt og i bruk,Fulldyrka jord,0.07484003270449584
Holmestrand,18 Akvakultur,Planlagt og i bruk,Skog,1.5573549948939274
Holmestrand,19 Udefinert,Planlagt og i bruk,Bebygd,52.429597152329
Holmestrand,19 Udefinert,Planlagt og i bruk,Ferskvann,4.553224922732082
Holmestrand,19 Udefinert,Planlagt og i bruk,Fulldyrka jord,160.80702258457504
Holmestrand,19 Udefinert,Planlagt og i bruk,Hav,0.014480731118696528
Holmestrand,19 Udefinert,Planlagt og i bruk,Innmarksbeite,46.44788231484691
Holmestrand,19 Udefinert,Planlagt og i bruk,Samferdsel,19.397548928256175
Holmestrand,19 Udefinert,Planlagt og i bruk,Skog,212.97084199928017
Holmestrand,19 Udefinert,Planlagt og i bruk,Åpen fastmark,36.359711352287334
Horten,01 Bolig eller sentrumsformål,Antatt planreserve,Bebygd,2.4328756308354333
Horten,01 Bolig eller sentrumsformål,Antatt planreserve,Ferskvann,0.5189598889218962
Horten,01 Bolig eller sentrumsformål,Antatt planreserve,Fulldyrka jord,34.96687054340373
Horten,01 Bolig eller sentrumsformål,Antatt planreserve,Hav,0.016467252844780237
Horten,01 Bolig eller sentrumsformål,Antatt planreserve,Overflatedyrka jord,0.3108188975805748
Horten,01 Bolig eller sentrumsformål,Antatt planreserve,Samferdsel,0.01325034763933239
Horten,01 Bolig eller sentrumsformål,Antatt planreserve,Skog,757.0416217452316
Horten,01 Bolig eller sentrumsformål,Antatt planreserve,Åpen fastmark,30.178198899816014
Horten,01 Bolig eller sentrumsformål,Planlagt og i bruk,Bebygd,5668.5704495904465
Horten,01 Bolig eller sentrumsformål,Planlagt og i bruk,Ferskvann,0.47150016094540936
Horten,01 Bolig eller sentrumsformål,Planlagt og i bruk,Fulldyrka jord,28.845732719137086
Horten,01 Bolig eller sentrumsformål,Planlagt og i bruk,Hav,0.22085181295931586
Horten,01 Bolig eller sentrumsformål,Planlagt og i bruk,Innmarksbeite,3.342331223517914
Horten,01 Bolig eller sentrumsformål,Planlagt og i bruk,Myr,0.1728332779379752
Horten,01 Bolig eller sentrumsformål,Planlagt og i bruk,Overflatedyrka jord,0.2652870228301317
Horten,01 Bolig eller sentrumsformål,Planlagt og i bruk,Samferdsel,588.8475339188653
Horten,01 Bolig eller sentrumsformål,Planlagt og i bruk,Skog,208.23941354462664
Horten,01 Bolig eller sentrumsformål,Planlagt og i bruk,Åpen fastmark,38.650413177569106
Horten,02 Fritidsbebyggelse,Antatt planreserve,Bebygd,0.04606103516043441
Horten,02 Fritidsbebyggelse,Antatt planreserve,Fulldyrka jord,0.3464918947496671
Horten,02 Fritidsbebyggelse,Antatt planreserve,Hav,0.13084941821399249
Horten,02 Fritidsbebyggelse,Antatt planreserve,Skog,65.68893183053542
Horten,02 Fritidsbebyggelse,Antatt planreserve,Åpen fastmark,5.250190278427601
Horten,02 Fritidsbebyggelse,Planlagt og i bruk,Bebygd,241.10818386486372
Horten,02 Fritidsbebyggelse,Planlagt og i bruk,Ferskvann,0.35831853389922597
Horten,02 Fritidsbebyggelse,Planlagt og i bruk,Fulldyrka jord,3.987167006443101
Horten,02 Fritidsbebyggelse,Planlagt og i bruk,Hav,0.27265149862337223
Horten,02 Fritidsbebyggelse,Planlagt og i bruk,Innmarksbeite,0.16757748327395602
Horten,02 Fritidsbebyggelse,Planlagt og i bruk,Samferdsel,26.898818420325686
Horten,02 Fritidsbebyggelse,Planlagt og i bruk,Skog,100.96361325483814
Horten,02 Fritidsbebyggelse,Planlagt og i bruk,Åpen fastmark,11.538013816674454
Horten,03 Tjenesteyting,Antatt planreserve,Bebygd,2.2737032109569686
Horten,03 Tjenesteyting,Antatt planreserve,Ferskvann,0.1918783154321168
Horten,03 Tjenesteyting,Antatt planreserve,Fulldyrka jord,51.82800683169417
Horten,03 Tjenesteyting,Antatt planreserve,Hav,1.1607540047235159
Horten,03 Tjenesteyting,Antatt planreserve,Innmarksbeite,4.744336641301311
Horten,03 Tjenesteyting,Antatt planreserve,Myr,0.22440522094020698
Horten,03 Tjenesteyting,Antatt planreserve,Samferdsel,0.05760271947150939
Horten,03 Tjenesteyting,Antatt planreserve,Skog,71.41090732236309
Horten,03 Tjenesteyting,Antatt planreserve,Åpen fastmark,54.798529522413
Horten,03 Tjenesteyting,Planlagt og i bruk,Bebygd,619.6934206627282
Horten,03 Tjenesteyting,Planlagt og i bruk,Ferskvann,0.0273837946179646
Horten,03 Tjenesteyting,Planlagt og i bruk,Fulldyrka jord,8.355253194884938
Horten,03 Tjenesteyting,Planlagt og i bruk,Hav,1.8209246659956067
Horten,03 Tjenesteyting,Planlagt og i bruk,Innmarksbeite,2.1750624106161967
Horten,03 Tjenesteyting,Planlagt og i bruk,Myr,0.3760394453537262
Horten,03 Tjenesteyting,Planlagt og i bruk,Samferdsel,90.57508515946867
Horten,03 Tjenesteyting,Planlagt og i bruk,Skog,40.22282160716101
Horten,03 Tjenesteyting,Planlagt og i bruk,Åpen fastmark,60.149210494934216
Horten,04 Handel,Planlagt og i bruk,Bebygd,33.31319570233124
Horten,04 Handel,Planlagt og i bruk,Fulldyrka jord,0.4858672735221326
Horten,04 Handel,Planlagt og i bruk,Samferdsel,3.829420446323787
Horten,04 Handel,Planlagt og i bruk,Skog,0.0067157793292289564
Horten,04 Handel,Planlagt og i bruk,Åpen fastmark,0.10217150770534042
Horten,05 Turistformål,Planlagt og i bruk,Bebygd,45.65968842412363
Horten,05 Turistformål,Planlagt og i bruk,Hav,0.11236277827936353
Horten,05 Turistformål,Planlagt og i bruk,Samferdsel,16.993400514929302
Horten,05 Turistformål,Planlagt og i bruk,Skog,20.726462224096917
Horten,05 Turistformål,Planlagt og i bruk,Åpen fastmark,30.42029214634924
Horten,06 Næringsvirksomhet,Antatt planreserve,Bebygd,21.13356263032491
Horten,06 Næringsvirksomhet,Antatt planreserve,Fulldyrka jord,13.31208620634046
Horten,06 Næringsvirksomhet,Antatt planreserve,Samferdsel,0.506984470757379
Horten,06 Næringsvirksomhet,Antatt planreserve,Skog,98.70306885587857
Horten,06 Næringsvirksomhet,Antatt planreserve,Åpen fastmark,51.32703129438755
Horten,06 Næringsvirksomhet,Planlagt og i bruk,Bebygd,642.5300582402897
Horten,06 Næringsvirksomhet,Planlagt og i bruk,Ferskvann,0.24796889783098566
Horten,06 Næringsvirksomhet,Planlagt og i bruk,Fulldyrka jord,1.0664508875300984
Horten,06 Næringsvirksomhet,Planlagt og i bruk,Hav,0.7900466580143528
Horten,06 Næringsvirksomhet,Planlagt og i bruk,Samferdsel,68.99587040201818
Horten,06 Næringsvirksomhet,Planlagt og i bruk,Skog,10.913718326280717
Horten,06 Næringsvirksomhet,Planlagt og i bruk,Åpen fastmark,27.585131001868973
Horten,07 Råstoffutvinning,Antatt planreserve,Ferskvann,0.23623543279159753
Horten,07 Råstoffutvinning,Antatt planreserve,Skog,9.219927154578222
Horten,07 Råstoffutvinning,Planlagt og i bruk,Bebygd,54.89468062396332
Horten,07 Råstoffutvinning,Planlagt og i bruk,Samferdsel,0.5249601304403423
Horten,07 Råstoffutvinning,Planlagt og i bruk,Skog,0.4457550117338812
Horten,07 Råstoffutvinning,Planlagt og i bruk,Åpen fastmark,0.15320162036779328
Horten,08 Kombinerte formål,Antatt planreserve,Ferskvann,0.23014414999865793
Horten,08 Kombinerte formål,Antatt planreserve,Hav,0.6976007137997382
Horten,08 Kombinerte formål,Antatt planreserve,Samferdsel,0.2283759791277823
Horten,08 Kombinerte formål,Antatt planreserve,Skog,243.52831429940449
Horten,08 Kombinerte formål,Antatt planreserve,Åpen fastmark,41.09831864984873
Horten,08 Kombinerte formål,Planlagt og i bruk,Bebygd,534.0649443895397
Horten,08 Kombinerte formål,Planlagt og i bruk,Ferskvann,0.6499487499915912
Horten,08 Kombinerte formål,Planlagt og i bruk,Fulldyrka jord,2.20556671149228
Horten,08 Kombinerte formål,Planlagt og i bruk,Hav,0.2534979798346779
Horten,08 Kombinerte formål,Planlagt og i bruk,Innmarksbeite,0.0068174924964053115
Horten,08 Kombinerte formål,Planlagt og i bruk,Samferdsel,87.21432829341529
Horten,08 Kombinerte formål,Planlagt og i bruk,Skog,13.452010615490284
Horten,08 Kombinerte formål,Planlagt og i bruk,Åpen fastmark,15.065939673683589
Horten,09 Idrettsanlegg,Antatt planreserve,Bebygd,0.019330765985494734
Horten,09 Idrettsanlegg,Antatt planreserve,Ferskvann,0.12739285650992618
Horten,09 Idrettsanlegg,Antatt planreserve,Fulldyrka jord,25.404825966805355
Horten,09 Idrettsanlegg,Antatt planreserve,Overflatedyrka jord,6.790178032289185
Horten,09 Idrettsanlegg,Antatt planreserve,Skog,124.99595180474029
Horten,09 Idrettsanlegg,Antatt planreserve,Åpen fastmark,22.986334717650255
Horten,09 Idrettsanlegg,Planlagt og i bruk,Bebygd,133.89821492590846
Horten,09 Idrettsanlegg,Planlagt og i bruk,Ferskvann,13.598960983455722
Horten,09 Idrettsanlegg,Planlagt og i bruk,Fulldyrka jord,135.95941501024026
Horten,09 Idrettsanlegg,Planlagt og i bruk,Hav,0.046129511452735104
Horten,09 Idrettsanlegg,Planlagt og i bruk,Myr,0.19156570283668542
Horten,09 Idrettsanlegg,Planlagt og i bruk,Overflatedyrka jord,22.01575784590795
Horten,09 Idrettsanlegg,Planlagt og i bruk,Samferdsel,16.968777896059688
Horten,09 Idrettsanlegg,Planlagt og i bruk,Skog,74.59806366363212
Horten,09 Idrettsanlegg,Planlagt og i bruk,Åpen fastmark,490.4731226337812
Horten,10 Andre formål,Planlagt og i bruk,Bebygd,224.58837594619462
Horten,10 Andre formål,Planlagt og i bruk,Ferskvann,3.8189551559398547
Horten,10 Andre formål,Planlagt og i bruk,Fulldyrka jord,82.4962661380044
Horten,10 Andre formål,Planlagt og i bruk,Hav,0.07631668160438769
Horten,10 Andre formål,Planlagt og i bruk,Innmarksbeite,0.036784078222074815
Horten,10 Andre formål,Planlagt og i bruk,Samferdsel,17.125171876484558
Horten,10 Andre formål,Planlagt og i bruk,Skog,44.93548496896766
Horten,10 Andre formål,Planlagt og i bruk,Åpen fastmark,118.43380503959057
Horten,11 Samferdselsanlegg,Antatt planreserve,Bebygd,1.808708252824989
Horten,11 Samferdselsanlegg,Antatt planreserve,Fulldyrka jord,48.41290361772789
Horten,11 Samferdselsanlegg,Antatt planreserve,Myr,0.2035834971394745
Horten,11 Samferdselsanlegg,Antatt planreserve,Overflatedyrka jord,0.049301348766758214
Horten,11 Samferdselsanlegg,Antatt planreserve,Samferdsel,2.0133113568513985
Horten,11 Samferdselsanlegg,Antatt planreserve,Skog,38.4653444123382
Horten,11 Samferdselsanlegg,Antatt planreserve,Åpen fastmark,79.55077917368894
Horten,11 Samferdselsanlegg,Planlagt og i bruk,Bebygd,384.76681668017335
Horten,11 Samferdselsanlegg,Planlagt og i bruk,Ferskvann,4.140543167685708
Horten,11 Samferdselsanlegg,Planlagt og i bruk,Fulldyrka jord,56.2648861456477
Horten,11 Samferdselsanlegg,Planlagt og i bruk,Hav,0.04959067092929322
Horten,11 Samferdselsanlegg,Planlagt og i bruk,Innmarksbeite,2.595805135222114
Horten,11 Samferdselsanlegg,Planlagt og i bruk,Myr,1.957638767417472
Horten,11 Samferdselsanlegg,Planlagt og i bruk,Overflatedyrka jord,1.5331460616852717
Horten,11 Samferdselsanlegg,Planlagt og i bruk,Samferdsel,1853.5268358799008
Horten,11 Samferdselsanlegg,Planlagt og i bruk,Skog,252.03673355794695
Horten,11 Samferdselsanlegg,Planlagt og i bruk,Åpen fastmark,671.5011232275311
Horten,12 Blå/grønnstruktur,Planlagt og i bruk,Bebygd,494.91360596064004
Horten,12 Blå/grønnstruktur,Planlagt og i bruk,Ferskvann,5.035673996060665
Horten,12 Blå/grønnstruktur,Planlagt og i bruk,Fulldyrka jord,12.299799632653382
Horten,12 Blå/grønnstruktur,Planlagt og i bruk,Hav,34.94343903836576
Horten,12 Blå/grønnstruktur,Planlagt og i bruk,Innmarksbeite,0.06319983493596922
Horten,12 Blå/grønnstruktur,Planlagt og i bruk,Myr,50.77738087183873
Horten,12 Blå/grønnstruktur,Planlagt og i bruk,Overflatedyrka jord,1.5324198563606835
Horten,12 Blå/grønnstruktur,Planlagt og i bruk,Samferdsel,158.66193448353474
Horten,12 Blå/grønnstruktur,Planlagt og i bruk,Skog,1214.181401106214
Horten,12 Blå/grønnstruktur,Planlagt og i bruk,Åpen fastmark,543.6435001507157
Horten,13 Forsvaret,Planlagt og i bruk,Bebygd,109.34547532971727
Horten,13 Forsvaret,Planlagt og i bruk,Ferskvann,3.8438588320391682
Horten,13 Forsvaret,Planlagt og i bruk,Hav,2.0683620802191154
Horten,13 Forsvaret,Planlagt og i bruk,Samferdsel,49.29487951357273
Horten,13 Forsvaret,Planlagt og i bruk,Skog,1074.2385401080862
Horten,13 Forsvaret,Planlagt og i bruk,Åpen fastmark,79.85405149868608
Horten,14 LNFR,Planlagt og i bruk,Bebygd,1099.6658578672893
Horten,14 LNFR,Planlagt og i bruk,Ferskvann,12.368276391713277
Horten,14 LNFR,Planlagt og i bruk,Fulldyrka jord,19146.66934596473
Horten,14 LNFR,Planlagt og i bruk,Hav,21.286988021896036
Horten,14 LNFR,Planlagt og i bruk,Innmarksbeite,590.1658624601614
Horten,14 LNFR,Planlagt og i bruk,Myr,402.5632429614992
Horten,14 LNFR,Planlagt og i bruk,Overflatedyrka jord,45.500332586487595
Horten,14 LNFR,Planlagt og i bruk,Samferdsel,1007.235287427335
Horten,14 LNFR,Planlagt og i bruk,Skog,25193.25353637428
Horten,14 LNFR,Planlagt og i bruk,Åpen fastmark,1525.0385602558426
Horten,15 LNFR spredt,Planlagt og i bruk,Bebygd,49.862516294133
Horten,15 LNFR spredt,Planlagt og i bruk,Fulldyrka jord,1.6383535774526898
Horten,15 LNFR spredt,Planlagt og i bruk,Samferdsel,3.971140314631292
Horten,15 LNFR spredt,Planlagt og i bruk,Skog,10.267406369096811
Horten,15 LNFR spredt,Planlagt og i bruk,Åpen fastmark,18.82405732052528
Horten,16 Havner og småbåthavner,Planlagt og i bruk,Bebygd,14.371956289452438
Horten,16 Havner og småbåthavner,Planlagt og i bruk,Hav,364.604901916545
Horten,16 Havner og småbåthavner,Planlagt og i bruk,Samferdsel,47.80080679099179
Horten,16 Havner og småbåthavner,Planlagt og i bruk,Åpen fastmark,7.404863084224471
Horten,"17 Sjø og vassdrag, flerbruk",Planlagt og i bruk,Bebygd,0.8293512924465221
Horten,"17 Sjø og vassdrag, flerbruk",Planlagt og i bruk,Ferskvann,1948.9438296361734
Horten,"17 Sjø og vassdrag, flerbruk",Planlagt og i bruk,Hav,78664.20993038078
Horten,"17 Sjø og vassdrag, flerbruk",Planlagt og i bruk,Myr,0.08283578299477073
Horten,"17 Sjø og vassdrag, flerbruk",Planlagt og i bruk,Samferdsel,1.2752263550439877
Horten,"17 Sjø og vassdrag, flerbruk",Planlagt og i bruk,Skog,0.8783284017911162
Horten,"17 Sjø og vassdrag, flerbruk",Planlagt og i bruk,Åpen fastmark,24.301632752639602
Horten,19 Udefinert,Planlagt og i bruk,Bebygd,283.0892510539818
Horten,19 Udefinert,Planlagt og i bruk,Ferskvann,1.2230120294778084
Horten,19 Udefinert,Planlagt og i bruk,Fulldyrka jord,141.25958385532903
Horten,19 Udefinert,Planlagt og i bruk,Hav,2.6084359507493042
Horten,19 Udefinert,Planlagt og i bruk,Innmarksbeite,3.95398002315077
Horten,19 Udefinert,Planlagt og i bruk,Samferdsel,69.3701371085601
Horten,19 Udefinert,Planlagt og i bruk,Skog,78.95884404269891
Horten,19 Udefinert,Planlagt og i bruk,Åpen fastmark,20.12061986322714
Larvik,01 Bolig eller sentrumsformål,Antatt planreserve,Bebygd,6.288121795170007
Larvik,01 Bolig eller sentrumsformål,Antatt planreserve,Ferskvann,0.04567575677058252
Larvik,01 Bolig eller sentrumsformål,Antatt planreserve,Fulldyrka jord,63.308078048516755
Larvik,01 Bolig eller sentrumsformål,Antatt planreserve,Hav,0.3753435206514937
Larvik,01 Bolig eller sentrumsformål,Antatt planreserve,Innmarksbeite,1.210829630963388
Larvik,01 Bolig eller sentrumsformål,Antatt planreserve,Myr,0.9092260000102372
Larvik,01 Bolig eller sentrumsformål,Antatt planreserve,Skog,808.3946712224729
Larvik,01 Bolig eller sentrumsformål,Antatt planreserve,Åpen fastmark,92.89286262627647
Larvik,01 Bolig eller sentrumsformål,Planlagt og i bruk,Bebygd,10496.522155183897
Larvik,01 Bolig eller sentrumsformål,Planlagt og i bruk,Ferskvann,2.2984921627634627
Larvik,01 Bolig eller sentrumsformål,Planlagt og i bruk,Fulldyrka jord,27.577262669222005
Larvik,01 Bolig eller sentrumsformål,Planlagt og i bruk,Hav,1.6606847795462716
Larvik,01 Bolig eller sentrumsformål,Planlagt og i bruk,Innmarksbeite,2.225712852067333
Larvik,01 Bolig eller sentrumsformål,Planlagt og i bruk,Overflatedyrka jord,0.22706708512365345
Larvik,01 Bolig eller sentrumsformål,Planlagt og i bruk,Samferdsel,588.1567602670734
Larvik,01 Bolig eller sentrumsformål,Planlagt og i bruk,Skog,463.60651992150747
Larvik,01 Bolig eller sentrumsformål,Planlagt og i bruk,Åpen fastmark,144.1947844617471
Larvik,02 Fritidsbebyggelse,Antatt planreserve,Ferskvann,0.11203797125850418
Larvik,02 Fritidsbebyggelse,Antatt planreserve,Fulldyrka jord,1.1888809009397796
Larvik,02 Fritidsbebyggelse,Antatt planreserve,Hav,0.368392720498845
Larvik,02 Fritidsbebyggelse,Antatt planreserve,Innmarksbeite,0.10971303740372484
Larvik,02 Fritidsbebyggelse,Antatt planreserve,Myr,85.55553758390593
Larvik,02 Fritidsbebyggelse,Antatt planreserve,Skog,1624.3113535567338
Larvik,02 Fritidsbebyggelse,Antatt planreserve,Åpen fastmark,134.72545107153343
Larvik,02 Fritidsbebyggelse,Planlagt og i bruk,Bebygd,2821.156885996561
Larvik,02 Fritidsbebyggelse,Planlagt og i bruk,Ferskvann,2.996300575880725
Larvik,02 Fritidsbebyggelse,Planlagt og i bruk,Fulldyrka jord,5.65630991057289
Larvik,02 Fritidsbebyggelse,Planlagt og i bruk,Hav,0.24640503728051583
Larvik,02 Fritidsbebyggelse,Planlagt og i bruk,Myr,6.80146280954937
Larvik,02 Fritidsbebyggelse,Planlagt og i bruk,Samferdsel,196.05841738998066
Larvik,02 Fritidsbebyggelse,Planlagt og i bruk,Skog,740.140123267302
Larvik,02 Fritidsbebyggelse,Planlagt og i bruk,Åpen fastmark,154.2679169679161
Larvik,03 Tjenesteyting,Antatt planreserve,Ferskvann,0.24297291605583987
Larvik,03 Tjenesteyting,Antatt planreserve,Fulldyrka jord,21.732182199081343
Larvik,03 Tjenesteyting,Antatt planreserve,Hav,0.10177834777808362
Larvik,03 Tjenesteyting,Antatt planreserve,Innmarksbeite,7.236157653878463
Larvik,03 Tjenesteyting,Antatt planreserve,Skog,185.6511721305341
Larvik,03 Tjenesteyting,Antatt planreserve,Åpen fastmark,64.7287763039392
Larvik,03 Tjenesteyting,Planlagt og i bruk,Bebygd,1094.8127365537307
Larvik,03 Tjenesteyting,Planlagt og i bruk,Ferskvann,4.98522167424604
Larvik,03 Tjenesteyting,Planlagt og i bruk,Fulldyrka jord,6.353988069821452
Larvik,03 Tjenesteyting,Planlagt og i bruk,Hav,0.14865387480078576
Larvik,03 Tjenesteyting,Planlagt og i bruk,Innmarksbeite,0.23059129675719947
Larvik,03 Tjenesteyting,Planlagt og i bruk,Samferdsel,91.22069848142146
Larvik,03 Tjenesteyting,Planlagt og i bruk,Skog,57.48755399286191
Larvik,03 Tjenesteyting,Planlagt og i bruk,Åpen fastmark,38.19151854995484
Larvik,04 Handel,Antatt planreserve,Bebygd,0.005900265671132601
Larvik,04 Handel,Antatt planreserve,Fulldyrka jord,19.830731181087543
Larvik,04 Handel,Antatt planreserve,Skog,8.343281122184013
Larvik,04 Handel,Antatt planreserve,Åpen fastmark,7.695186032726096
Larvik,04 Handel,Planlagt og i bruk,Bebygd,450.9488523377114
Larvik,04 Handel,Planlagt og i bruk,Ferskvann,0.029773919791865246
Larvik,04 Handel,Planlagt og i bruk,Fulldyrka jord,1.5941608962830942
Larvik,04 Handel,Planlagt og i bruk,Hav,0.10042430278772602
Larvik,04 Handel,Planlagt og i bruk,Samferdsel,12.637618549031803
Larvik,04 Handel,Planlagt og i bruk,Skog,4.1121561686287125
Larvik,04 Handel,Planlagt og i bruk,Åpen fastmark,0.14617059565871268
Larvik,05 Turistformål,Planlagt og i bruk,Bebygd,871.905356035943
Larvik,05 Turistformål,Planlagt og i bruk,Ferskvann,2.117299831848875
Larvik,05 Turistformål,Planlagt og i bruk,Fulldyrka jord,67.67079302211282
Larvik,05 Turistformål,Planlagt og i bruk,Hav,0.08382306428683126
Larvik,05 Turistformål,Planlagt og i bruk,Myr,2.9268098180741036
Larvik,05 Turistformål,Planlagt og i bruk,Samferdsel,148.34907242374226
Larvik,05 Turistformål,Planlagt og i bruk,Skog,287.04945490916646
Larvik,05 Turistformål,Planlagt og i bruk,Åpen fastmark,73.43772956156792
Larvik,06 Næringsvirksomhet,Antatt planreserve,Ferskvann,0.6570981444744308
Larvik,06 Næringsvirksomhet,Antatt planreserve,Fulldyrka jord,85.90790497887744
Larvik,06 Næringsvirksomhet,Antatt planreserve,Myr,28.794161272205113
Larvik,06 Næringsvirksomhet,Antatt planreserve,Overflatedyrka jord,0.5644439565044949
Larvik,06 Næringsvirksomhet,Antatt planreserve,Skog,1317.406496870702
Larvik,06 Næringsvirksomhet,Antatt planreserve,Åpen fastmark,142.13564950920488
Larvik,06 Næringsvirksomhet,Planlagt og i bruk,Bebygd,2347.913948060706
Larvik,06 Næringsvirksomhet,Planlagt og i bruk,Ferskvann,7.347602701580233
Larvik,06 Næringsvirksomhet,Planlagt og i bruk,Fulldyrka jord,6.729832941975831
Larvik,06 Næringsvirksomhet,Planlagt og i bruk,Hav,0.4522622876664239
Larvik,06 Næringsvirksomhet,Planlagt og i bruk,Overflatedyrka jord,0.1346689111599889
Larvik,06 Næringsvirksomhet,Planlagt og i bruk,Samferdsel,139.40321431105448
Larvik,06 Næringsvirksomhet,Planlagt og i bruk,Skog,58.499510475840715
Larvik,06 Næringsvirksomhet,Planlagt og i bruk,Åpen fastmark,44.63025884778663
Larvik,07 Råstoffutvinning,Antatt planreserve,Ferskvann,2.4796655002362686
Larvik,07 Råstoffutvinning,Antatt planreserve,Fulldyrka jord,9.781036446588825
Larvik,07 Råstoffutvinning,Antatt planreserve,Innmarksbeite,0.4217265767527565
Larvik,07 Råstoffutvinning,Antatt planreserve,Myr,5.800795499965393
Larvik,07 Råstoffutvinning,Antatt planreserve,Skog,4704.895585259451
Larvik,07 Råstoffutvinning,Antatt planreserve,Åpen fastmark,142.62774918191644
Larvik,07 Råstoffutvinning,Planlagt og i bruk,Bebygd,5169.860034052481
Larvik,07 Råstoffutvinning,Planlagt og i bruk,Ferskvann,118.22098661055372
Larvik,07 Råstoffutvinning,Planlagt og i bruk,Fulldyrka jord,0.33199989020380294
Larvik,07 Råstoffutvinning,Planlagt og i bruk,Samferdsel,456.27331543197664
Larvik,07 Råstoffutvinning,Planlagt og i bruk,Skog,32.87719445655642
Larvik,07 Råstoffutvinning,Planlagt og i bruk,Åpen fastmark,6.508982443069422
Larvik,08 Kombinerte formål,Antatt planreserve,Ferskvann,0.8893382075676262
Larvik,08 Kombinerte formål,Antatt planreserve,Fulldyrka jord,169.22667677787945
Larvik,08 Kombinerte formål,Antatt planreserve,Hav,38.60642669001426
Larvik,08 Kombinerte formål,Antatt planreserve,Innmarksbeite,2.2799303427828246
Larvik,08 Kombinerte formål,Antatt planreserve,Myr,17.343911973392537
Larvik,08 Kombinerte formål,Antatt planreserve,Samferdsel,0.022622322661073942
Larvik,08 Kombinerte formål,Antatt planreserve,Skog,1482.7802453376012
Larvik,08 Kombinerte formål,Antatt planreserve,Åpen fastmark,119.36608891238167
Larvik,08 Kombinerte formål,Planlagt og i bruk,Bebygd,843.2178403719166
Larvik,08 Kombinerte formål,Planlagt og i bruk,Ferskvann,12.1062673602015
Larvik,08 Kombinerte formål,Planlagt og i bruk,Fulldyrka jord,10.246021713680356
Larvik,08 Kombinerte formål,Planlagt og i bruk,Hav,1.1833737210168236
Larvik,08 Kombinerte formål,Planlagt og i bruk,Innmarksbeite,0.46299467997852223
Larvik,08 Kombinerte formål,Planlagt og i bruk,Samferdsel,216.10108851258892
Larvik,08 Kombinerte formål,Planlagt og i bruk,Skog,263.08336673063394
Larvik,08 Kombinerte formål,Planlagt og i bruk,Åpen fastmark,62.06863098384888
Larvik,09 Idrettsanlegg,Antatt planreserve,Ferskvann,0.2281633401623888
Larvik,09 Idrettsanlegg,Antatt planreserve,Fulldyrka jord,104.32512569622017
Larvik,09 Idrettsanlegg,Antatt planreserve,Hav,1.019977666753317
Larvik,09 Idrettsanlegg,Antatt planreserve,Myr,0.544284743085317
Larvik,09 Idrettsanlegg,Antatt planreserve,Skog,835.9590169453566
Larvik,09 Idrettsanlegg,Antatt planreserve,Åpen fastmark,89.49313020439472
Larvik,09 Idrettsanlegg,Planlagt og i bruk,Bebygd,388.48266562040124
Larvik,09 Idrettsanlegg,Planlagt og i bruk,Ferskvann,15.670169755169988
Larvik,09 Idrettsanlegg,Planlagt og i bruk,Fulldyrka jord,18.131683984004876
Larvik,09 Idrettsanlegg,Planlagt og i bruk,Hav,0.09033151941661624
Larvik,09 Idrettsanlegg,Planlagt og i bruk,Samferdsel,76.87892544098463
Larvik,09 Idrettsanlegg,Planlagt og i bruk,Skog,120.13489867536192
Larvik,09 Idrettsanlegg,Planlagt og i bruk,Åpen fastmark,843.9448346783089
Larvik,10 Andre formål,Planlagt og i bruk,Bebygd,650.805575228784
Larvik,10 Andre formål,Planlagt og i bruk,Ferskvann,11.182205253889
Larvik,10 Andre formål,Planlagt og i bruk,Fulldyrka jord,29.66606733842292
Larvik,10 Andre formål,Planlagt og i bruk,Hav,0.8960821790980282
Larvik,10 Andre formål,Planlagt og i bruk,Innmarksbeite,5.9245780563868635
Larvik,10 Andre formål,Planlagt og i bruk,Overflatedyrka jord,0.008093804505572294
Larvik,10 Andre formål,Planlagt og i bruk,Samferdsel,66.23793871321264
Larvik,10 Andre formål,Planlagt og i bruk,Skog,185.27245502839872
Larvik,10 Andre formål,Planlagt og i bruk,Åpen fastmark,65.66189246955797
Larvik,11 Samferdselsanlegg,Antatt planreserve,Bebygd,0.21131814773862995
Larvik,11 Samferdselsanlegg,Antatt planreserve,Ferskvann,0.2502683095697644
Larvik,11 Samferdselsanlegg,Antatt planreserve,Fulldyrka jord,85.00625213852634
Larvik,11 Samferdselsanlegg,Antatt planreserve,Hav,5.794456972707339
Larvik,11 Samferdselsanlegg,Antatt planreserve,Innmarksbeite,7.081505098613561
Larvik,11 Samferdselsanlegg,Antatt planreserve,Myr,2.3453521250196205
Larvik,11 Samferdselsanlegg,Antatt planreserve,Skog,431.40109620467365
Larvik,11 Samferdselsanlegg,Antatt planreserve,Åpen fastmark,145.1082072356196
Larvik,11 Samferdselsanlegg,Planlagt og i bruk,Bebygd,1022.0886424549625
Larvik,11 Samferdselsanlegg,Planlagt og i bruk,Ferskvann,7.323304631898978
Larvik,11 Samferdselsanlegg,Planlagt og i bruk,Fulldyrka jord,270.9877988551523
Larvik,11 Samferdselsanlegg,Planlagt og i bruk,Hav,1.6364971811796207
Larvik,11 Samferdselsanlegg,Planlagt og i bruk,Innmarksbeite,12.282719584914927
Larvik,11 Samferdselsanlegg,Planlagt og i bruk,Myr,11.178677972109691
Larvik,11 Samferdselsanlegg,Planlagt og i bruk,Overflatedyrka jord,1.2690518954145884
Larvik,11 Samferdselsanlegg,Planlagt og i bruk,Samferdsel,7367.887262136586
Larvik,11 Samferdselsanlegg,Planlagt og i bruk,Skog,1048.9255671422293
Larvik,11 Samferdselsanlegg,Planlagt og i bruk,Åpen fastmark,1065.4331736770419
Larvik,12 Blå/grønnstruktur,Planlagt og i bruk,Bebygd,2078.8186527262055
Larvik,12 Blå/grønnstruktur,Planlagt og i bruk,Ferskvann,140.21669819768059
Larvik,12 Blå/grønnstruktur,Planlagt og i bruk,Fulldyrka jord,1013.4130611617385
Larvik,12 Blå/grønnstruktur,Planlagt og i bruk,Hav,176.20541003010013
Larvik,12 Blå/grønnstruktur,Planlagt og i bruk,Innmarksbeite,161.20631566553072
Larvik,12 Blå/grønnstruktur,Planlagt og i bruk,Myr,446.478053477201
Larvik,12 Blå/grønnstruktur,Planlagt og i bruk,Overflatedyrka jord,64.40611909580909
Larvik,12 Blå/grønnstruktur,Planlagt og i bruk,Samferdsel,477.2796929862805
Larvik,12 Blå/grønnstruktur,Planlagt og i bruk,Skog,26168.0407026953
Larvik,12 Blå/grønnstruktur,Planlagt og i bruk,Åpen fastmark,6609.128054023135
Larvik,13 Forsvaret,Planlagt og i bruk,Bebygd,0.3458288320304467
Larvik,14 LNFR,Planlagt og i bruk,Bebygd,10954.28779777648
Larvik,14 LNFR,Planlagt og i bruk,Ferskvann,73.87485179001094
Larvik,14 LNFR,Planlagt og i bruk,Fulldyrka jord,96059.54234856275
Larvik,14 LNFR,Planlagt og i bruk,Hav,9.14269313387323
Larvik,14 LNFR,Planlagt og i bruk,Innmarksbeite,2846.628345256314
Larvik,14 LNFR,Planlagt og i bruk,Myr,10159.964331668647
Larvik,14 LNFR,Planlagt og i bruk,Overflatedyrka jord,198.96158073334018
Larvik,14 LNFR,Planlagt og i bruk,Samferdsel,7276.130231222085
Larvik,14 LNFR,Planlagt og i bruk,Skog,538775.4852028653
Larvik,14 LNFR,Planlagt og i bruk,Åpen fastmark,10355.761462139022
Larvik,15 LNFR spredt,Planlagt og i bruk,Bebygd,7.965939799432131
Larvik,15 LNFR spredt,Planlagt og i bruk,Fulldyrka jord,0.5492770341486704
Larvik,15 LNFR spredt,Planlagt og i bruk,Samferdsel,0.5335644273569244
Larvik,15 LNFR spredt,Planlagt og i bruk,Skog,3.0941122034700386
Larvik,15 LNFR spredt,Planlagt og i bruk,Åpen fastmark,0.6018663882712735
Larvik,16 Havner og småbåthavner,Planlagt og i bruk,Bebygd,208.4376587532125
Larvik,16 Havner og småbåthavner,Planlagt og i bruk,Ferskvann,13.12848880672906
Larvik,16 Havner og småbåthavner,Planlagt og i bruk,Hav,554.695345000484
Larvik,16 Havner og småbåthavner,Planlagt og i bruk,Myr,1.4966908159832786
Larvik,16 Havner og småbåthavner,Planlagt og i bruk,Samferdsel,126.38619507453951
Larvik,16 Havner og småbåthavner,Planlagt og i bruk,Skog,26.76006793887488
Larvik,16 Havner og småbåthavner,Planlagt og i bruk,Åpen fastmark,45.973713932060704
Larvik,"17 Sjø og vassdrag, flerbruk",Planlagt og i bruk,Bebygd,16.15934195990352
Larvik,"17 Sjø og vassdrag, flerbruk",Planlagt og i bruk,Ferskvann,43312.70272126564
Larvik,"17 Sjø og vassdrag, flerbruk",Planlagt og i bruk,Fulldyrka jord,0.16842846062224298
Larvik,"17 Sjø og vassdrag, flerbruk",Planlagt og i bruk,Hav,244357.095875635
Larvik,"17 Sjø og vassdrag, flerbruk",Planlagt og i bruk,Innmarksbeite,0.1425087640024734
Larvik,"17 Sjø og vassdrag, flerbruk",Planlagt og i bruk,Myr,8.307480293263222
Larvik,"17 Sjø og vassdrag, flerbruk",Planlagt og i bruk,Samferdsel,8.283077807229436
Larvik,"17 Sjø og vassdrag, flerbruk",Planlagt og i bruk,Skog,87.35827048275922
Larvik,"17 Sjø og vassdrag, flerbruk",Planlagt og i bruk,Åpen fastmark,53.80292290390706
Larvik,18 Akvakultur,Planlagt og i bruk,Hav,107.10489393096711
Larvik,19 Udefinert,Planlagt og i bruk,Bebygd,87.03651575787534
Larvik,19 Udefinert,Planlagt og i bruk,Ferskvann,10.256820475901534
Larvik,19 Udefinert,Planlagt og i bruk,Fulldyrka jord,42.66911362661826
Larvik,19 Udefinert,Planlagt og i bruk,Hav,1.5388676935100556
Larvik,19 Udefinert,Planlagt og i bruk,Innmarksbeite,22.622808533967532
Larvik,19 Udefinert,Planlagt og i bruk,Myr,16.81668170639879
Larvik,19 Udefinert,Planlagt og i bruk,Samferdsel,9.165823816185664
Larvik,19 Udefinert,Planlagt og i bruk,Skog,234.16215019933432
Larvik,19 Udefinert,Planlagt og i bruk,Åpen fastmark,54.114375018705765
Sandefjord,01 Bolig eller sentrumsformål,Antatt planreserve,Bebygd,97.68920968470717
Sandefjord,01 Bolig eller sentrumsformål,Antatt planreserve,Ferskvann,0.7309315195323371
Sandefjord,01 Bolig eller sentrumsformål,Antatt planreserve,Fulldyrka jord,240.77472016612398
Sandefjord,01 Bolig eller sentrumsformål,Antatt planreserve,Hav,0.2895488258437082
Sandefjord,01 Bolig eller sentrumsformål,Antatt planreserve,Innmarksbeite,1.5979443813402783
Sandefjord,01 Bolig eller sentrumsformål,Antatt planreserve,Overflatedyrka jord,3.525612283920284
Sandefjord,01 Bolig eller sentrumsformål,Antatt planreserve,Samferdsel,0.056751575725302136
Sandefjord,01 Bolig eller sentrumsformål,Antatt planreserve,Skog,1602.071438024979
Sandefjord,01 Bolig eller sentrumsformål,Antatt planreserve,Åpen fastmark,205.75384051399894
Sandefjord,01 Bolig eller sentrumsformål,Planlagt og i bruk,Bebygd,14229.640942508977
Sandefjord,01 Bolig eller sentrumsformål,Planlagt og i bruk,Ferskvann,4.019535534891287
Sandefjord,01 Bolig eller sentrumsformål,Planlagt og i bruk,Fulldyrka jord,116.36726660254047
Sandefjord,01 Bolig eller sentrumsformål,Planlagt og i bruk,Hav,2.647884746069899
Sandefjord,01 Bolig eller sentrumsformål,Planlagt og i bruk,Innmarksbeite,2.4777545390586617
Sandefjord,01 Bolig eller sentrumsformål,Planlagt og i bruk,Overflatedyrka jord,0.0712375160715868
Sandefjord,01 Bolig eller sentrumsformål,Planlagt og i bruk,Samferdsel,1788.077244842822
Sandefjord,01 Bolig eller sentrumsformål,Planlagt og i bruk,Skog,990.4626812661813
Sandefjord,01 Bolig eller sentrumsformål,Planlagt og i bruk,Åpen fastmark,163.5272968055346
Sandefjord,02 Fritidsbebyggelse,Antatt planreserve,Bebygd,0.04427744639210795
Sandefjord,02 Fritidsbebyggelse,Antatt planreserve,Fulldyrka jord,2.4264633654742433
Sandefjord,02 Fritidsbebyggelse,Antatt planreserve,Hav,0.07821842546832461
Sandefjord,02 Fritidsbebyggelse,Antatt planreserve,Innmarksbeite,0.3731078975261766
Sandefjord,02 Fritidsbebyggelse,Antatt planreserve,Myr,0.007331764958100916
Sandefjord,02 Fritidsbebyggelse,Antatt planreserve,Samferdsel,0.1318569138310172
Sandefjord,02 Fritidsbebyggelse,Antatt planreserve,Skog,402.75605856027033
Sandefjord,02 Fritidsbebyggelse,Antatt planreserve,Åpen fastmark,10.331907725045532
Sandefjord,02 Fritidsbebyggelse,Planlagt og i bruk,Bebygd,1395.844570728362
Sandefjord,02 Fritidsbebyggelse,Planlagt og i bruk,Ferskvann,0.33425546656386634
Sandefjord,02 Fritidsbebyggelse,Planlagt og i bruk,Fulldyrka jord,5.7638378140810484
Sandefjord,02 Fritidsbebyggelse,Planlagt og i bruk,Hav,0.054082202977593426
Sandefjord,02 Fritidsbebyggelse,Planlagt og i bruk,Innmarksbeite,0.15249161836023142
Sandefjord,02 Fritidsbebyggelse,Planlagt og i bruk,Myr,0.0436604060108242
Sandefjord,02 Fritidsbebyggelse,Planlagt og i bruk,Samferdsel,141.78237613029094
Sandefjord,02 Fritidsbebyggelse,Planlagt og i bruk,Skog,489.85702794145624
Sandefjord,02 Fritidsbebyggelse,Planlagt og i bruk,Åpen fastmark,49.71334336517378
Sandefjord,03 Tjenesteyting,Antatt planreserve,Ferskvann,0.4733606464271714
Sandefjord,03 Tjenesteyting,Antatt planreserve,Fulldyrka jord,65.76089501402078
Sandefjord,03 Tjenesteyting,Antatt planreserve,Innmarksbeite,0.5663654738804622
Sandefjord,03 Tjenesteyting,Antatt planreserve,Skog,414.9103703972028
Sandefjord,03 Tjenesteyting,Antatt planreserve,Åpen fastmark,42.92149285308281
Sandefjord,03 Tjenesteyting,Planlagt og i bruk,Bebygd,992.0956820067197
Sandefjord,03 Tjenesteyting,Planlagt og i bruk,Ferskvann,1.7389744575917057
Sandefjord,03 Tjenesteyting,Planlagt og i bruk,Fulldyrka jord,19.716492589207988
Sandefjord,03 Tjenesteyting,Planlagt og i bruk,Hav,0.013784008486951034
Sandefjord,03 Tjenesteyting,Planlagt og i bruk,Innmarksbeite,0.06339607567083808
Sandefjord,03 Tjenesteyting,Planlagt og i bruk,Samferdsel,111.73576083163316
Sandefjord,03 Tjenesteyting,Planlagt og i bruk,Skog,79.63061602321416
Sandefjord,03 Tjenesteyting,Planlagt og i bruk,Åpen fastmark,53.63272757242516
Sandefjord,04 Handel,Antatt planreserve,Skog,40.83517398893185
Sandefjord,04 Handel,Antatt planreserve,Åpen fastmark,0.0087440369523388
Sandefjord,04 Handel,Planlagt og i bruk,Bebygd,106.47477637324502
Sandefjord,04 Handel,Planlagt og i bruk,Fulldyrka jord,0.03328389365754415
Sandefjord,04 Handel,Planlagt og i bruk,Hav,0.04775843205608577
Sandefjord,04 Handel,Planlagt og i bruk,Samferdsel,7.055794716951405
Sandefjord,04 Handel,Planlagt og i bruk,Skog,3.749350585309806
Sandefjord,04 Handel,Planlagt og i bruk,Åpen fastmark,0.7422687149280278
Sandefjord,05 Turistformål,Planlagt og i bruk,Bebygd,13.553766571564779
Sandefjord,05 Turistformål,Planlagt og i bruk,Fulldyrka jord,0.015978323568561492
Sandefjord,05 Turistformål,Planlagt og i bruk,Samferdsel,2.132984636320097
Sandefjord,05 Turistformål,Planlagt og i bruk,Skog,1.3573716383251186
Sandefjord,05 Turistformål,Planlagt og i bruk,Åpen fastmark,6.562551539461452
Sandefjord,06 Næringsvirksomhet,Antatt planreserve,Bebygd,30.38312436062316
Sandefjord,06 Næringsvirksomhet,Antatt planreserve,Ferskvann,0.7347421633595028
Sandefjord,06 Næringsvirksomhet,Antatt planreserve,Fulldyrka jord,28.83652967876263
Sandefjord,06 Næringsvirksomhet,Antatt planreserve,Hav,20.111454005739123
Sandefjord,06 Næringsvirksomhet,Antatt planreserve,Myr,7.842853161841507
Sandefjord,06 Næringsvirksomhet,Antatt planreserve,Skog,398.968455919635
Sandefjord,06 Næringsvirksomhet,Antatt planreserve,Åpen fastmark,288.2081684806426
Sandefjord,06 Næringsvirksomhet,Planlagt og i bruk,Bebygd,2197.166549737856
Sandefjord,06 Næringsvirksomhet,Planlagt og i bruk,Ferskvann,14.36106107411196
Sandefjord,06 Næringsvirksomhet,Planlagt og i bruk,Fulldyrka jord,7.675525303208181
Sandefjord,06 Næringsvirksomhet,Planlagt og i bruk,Hav,4.942765596124593
Sandefjord,06 Næringsvirksomhet,Planlagt og i bruk,Samferdsel,287.77620360418837
Sandefjord,06 Næringsvirksomhet,Planlagt og i bruk,Skog,60.660303308310134
Sandefjord,06 Næringsvirksomhet,Planlagt og i bruk,Åpen fastmark,23.946287101922994
Sandefjord,07 Råstoffutvinning,Antatt planreserve,Myr,9.395063266336484
Sandefjord,07 Råstoffutvinning,Antatt planreserve,Skog,447.0642350123258
Sandefjord,07 Råstoffutvinning,Antatt planreserve,Åpen fastmark,36.68296672627333
Sandefjord,07 Råstoffutvinning,Planlagt og i bruk,Bebygd,187.35103448346445
Sandefjord,07 Råstoffutvinning,Planlagt og i bruk,Samferdsel,2.9363757872324805
Sandefjord,07 Råstoffutvinning,Planlagt og i bruk,Skog,1.2884504686125213
Sandefjord,07 Råstoffutvinning,Planlagt og i bruk,Åpen fastmark,0.48527738467216874
Sandefjord,08 Kombinerte formål,Antatt planreserve,Ferskvann,1.0145202943921021
Sandefjord,08 Kombinerte formål,Antatt planreserve,Fulldyrka jord,161.19574285825647
Sandefjord,08 Kombinerte formål,Antatt planreserve,Hav,1.9987944600032526
Sandefjord,08 Kombinerte formål,Antatt planreserve,Innmarksbeite,2.1030757488970466
Sandefjord,08 Kombinerte formål,Antatt planreserve,Skog,1289.778096299877
Sandefjord,08 Kombinerte formål,Antatt planreserve,Åpen fastmark,108.27507572567401
Sandefjord,08 Kombinerte formål,Planlagt og i bruk,Bebygd,1725.346432329037
Sandefjord,08 Kombinerte formål,Planlagt og i bruk,Ferskvann,0.30931427213393103
Sandefjord,08 Kombinerte formål,Planlagt og i bruk,Fulldyrka jord,28.81337590812159
Sandefjord,08 Kombinerte formål,Planlagt og i bruk,Hav,0.9659321708482566
Sandefjord,08 Kombinerte formål,Planlagt og i bruk,Innmarksbeite,0.14744605075504036
Sandefjord,08 Kombinerte formål,Planlagt og i bruk,Myr,1.032259360303438
Sandefjord,08 Kombinerte formål,Planlagt og i bruk,Samferdsel,586.6624394761405
Sandefjord,08 Kombinerte formål,Planlagt og i bruk,Skog,83.95265470025842
Sandefjord,08 Kombinerte formål,Planlagt og i bruk,Åpen fastmark,28.99637454368968
Sandefjord,09 Idrettsanlegg,Antatt planreserve,Ferskvann,2.394926525580239
Sandefjord,09 Idrettsanlegg,Antatt planreserve,Fulldyrka jord,128.1177643335024
Sandefjord,09 Idrettsanlegg,Antatt planreserve,Hav,0.6131357889118643
Sandefjord,09 Idrettsanlegg,Antatt planreserve,Myr,49.50538104175515
Sandefjord,09 Idrettsanlegg,Antatt planreserve,Skog,407.582879419288
Sandefjord,09 Idrettsanlegg,Antatt planreserve,Åpen fastmark,132.1441729868782
Sandefjord,09 Idrettsanlegg,Planlagt og i bruk,Bebygd,320.6745670256823
Sandefjord,09 Idrettsanlegg,Planlagt og i bruk,Ferskvann,22.926922861992264
Sandefjord,09 Idrettsanlegg,Planlagt og i bruk,Fulldyrka jord,5.57710637175188
Sandefjord,09 Idrettsanlegg,Planlagt og i bruk,Hav,0.041750866210048726
Sandefjord,09 Idrettsanlegg,Planlagt og i bruk,Innmarksbeite,0.7319668829608806
Sandefjord,09 Idrettsanlegg,Planlagt og i bruk,Myr,9.682920441336705
Sandefjord,09 Idrettsanlegg,Planlagt og i bruk,Samferdsel,79.0292968974513
Sandefjord,09 Idrettsanlegg,Planlagt og i bruk,Skog,196.3054230424744
Sandefjord,09 Idrettsanlegg,Planlagt og i bruk,Åpen fastmark,1103.1920566100255
Sandefjord,10 Andre formål,Planlagt og i bruk,Bebygd,431.18787476563557
Sandefjord,10 Andre formål,Planlagt og i bruk,Ferskvann,9.477574688695652
Sandefjord,10 Andre formål,Planlagt og i bruk,Fulldyrka jord,68.77901686850556
Sandefjord,10 Andre formål,Planlagt og i bruk,Hav,3.008292319279753
Sandefjord,10 Andre formål,Planlagt og i bruk,Innmarksbeite,2.2478075430227893
Sandefjord,10 Andre formål,Planlagt og i bruk,Samferdsel,24.895036319431107
Sandefjord,10 Andre formål,Planlagt og i bruk,Skog,211.45677681581574
Sandefjord,10 Andre formål,Planlagt og i bruk,Åpen fastmark,138.29282516166367
Sandefjord,11 Samferdselsanlegg,Antatt planreserve,Bebygd,3.25392191589565
Sandefjord,11 Samferdselsanlegg,Antatt planreserve,Ferskvann,0.015094671206954808
Sandefjord,11 Samferdselsanlegg,Antatt planreserve,Fulldyrka jord,49.1046457205294
Sandefjord,11 Samferdselsanlegg,Antatt planreserve,Hav,2.3266241541270816
Sandefjord,11 Samferdselsanlegg,Antatt planreserve,Innmarksbeite,0.4738904783599337
Sandefjord,11 Samferdselsanlegg,Antatt planreserve,Myr,0.10820231516695174
Sandefjord,11 Samferdselsanlegg,Antatt planreserve,Overflatedyrka jord,0.4214878818549005
Sandefjord,11 Samferdselsanlegg,Antatt planreserve,Samferdsel,2.692356770146862
Sandefjord,11 Samferdselsanlegg,Antatt planreserve,Skog,138.2679337157743
Sandefjord,11 Samferdselsanlegg,Antatt planreserve,Åpen fastmark,97.72089555912964
Sandefjord,11 Samferdselsanlegg,Planlagt og i bruk,Bebygd,793.1242618530389
Sandefjord,11 Samferdselsanlegg,Planlagt og i bruk,Ferskvann,3.7721518116985053
Sandefjord,11 Samferdselsanlegg,Planlagt og i bruk,Fulldyrka jord,592.3563235121343
Sandefjord,11 Samferdselsanlegg,Planlagt og i bruk,Hav,4.7948034090406395
Sandefjord,11 Samferdselsanlegg,Planlagt og i bruk,Innmarksbeite,0.590062389685754
Sandefjord,11 Samferdselsanlegg,Planlagt og i bruk,Myr,1.665754644513754
Sandefjord,11 Samferdselsanlegg,Planlagt og i bruk,Overflatedyrka jord,2.0909207368827816
Sandefjord,11 Samferdselsanlegg,Planlagt og i bruk,Samferdsel,5415.226468282674
Sandefjord,11 Samferdselsanlegg,Planlagt og i bruk,Skog,416.38838166228544
Sandefjord,11 Samferdselsanlegg,Planlagt og i bruk,Åpen fastmark,640.1211386546945
Sandefjord,12 Blå/grønnstruktur,Planlagt og i bruk,Bebygd,1012.3146517185262
Sandefjord,12 Blå/grønnstruktur,Planlagt og i bruk,Ferskvann,52.99652541961241
Sandefjord,12 Blå/grønnstruktur,Planlagt og i bruk,Fulldyrka jord,303.9041185367423
Sandefjord,12 Blå/grønnstruktur,Planlagt og i bruk,Hav,17.37519156795631
Sandefjord,12 Blå/grønnstruktur,Planlagt og i bruk,Innmarksbeite,139.09727833954625
Sandefjord,12 Blå/grønnstruktur,Planlagt og i bruk,Myr,124.3112915836589
Sandefjord,12 Blå/grønnstruktur,Planlagt og i bruk,Overflatedyrka jord,24.640795495140246
Sandefjord,12 Blå/grønnstruktur,Planlagt og i bruk,Samferdsel,219.99224857526193
Sandefjord,12 Blå/grønnstruktur,Planlagt og i bruk,Skog,4649.72812532292
Sandefjord,12 Blå/grønnstruktur,Planlagt og i bruk,Åpen fastmark,894.2237050638677
Sandefjord,14 LNFR,Planlagt og i bruk,Bebygd,9658.723655854104
Sandefjord,14 LNFR,Planlagt og i bruk,Ferskvann,21.613168755455376
Sandefjord,14 LNFR,Planlagt og i bruk,Fulldyrka jord,97836.58403626176
Sandefjord,14 LNFR,Planlagt og i bruk,Hav,1.7809056792968632
Sandefjord,14 LNFR,Planlagt og i bruk,Innmarksbeite,2504.325509516533
Sandefjord,14 LNFR,Planlagt og i bruk,Myr,3578.128787469723
Sandefjord,14 LNFR,Planlagt og i bruk,Overflatedyrka jord,675.2770407843827
Sandefjord,14 LNFR,Planlagt og i bruk,Samferdsel,6323.04311522837
Sandefjord,14 LNFR,Planlagt og i bruk,Skog,234564.7866667629
Sandefjord,14 LNFR,Planlagt og i bruk,Åpen fastmark,6726.081104000592
Sandefjord,15 LNFR spredt,Planlagt og i bruk,Bebygd,2.762142312973381
Sandefjord,15 LNFR spredt,Planlagt og i bruk,Fulldyrka jord,0.6336935948257263
Sandefjord,15 LNFR spredt,Planlagt og i bruk,Samferdsel,0.451033352479212
Sandefjord,15 LNFR spredt,Planlagt og i bruk,Skog,2.776643548932481
Sandefjord,15 LNFR spredt,Planlagt og i bruk,Åpen fastmark,1.1748330401629508
Sandefjord,16 Havner og småbåthavner,Planlagt og i bruk,Bebygd,13.854372151323778
Sandefjord,16 Havner og småbåthavner,Planlagt og i bruk,Hav,564.3317731980717
Sandefjord,16 Havner og småbåthavner,Planlagt og i bruk,Samferdsel,24.723492676006835
Sandefjord,16 Havner og småbåthavner,Planlagt og i bruk,Skog,1.3619849493182417
Sandefjord,16 Havner og småbåthavner,Planlagt og i bruk,Åpen fastmark,1.482994678015622
Sandefjord,"17 Sjø og vassdrag, flerbruk",Planlagt og i bruk,Bebygd,0.47761504303487096
Sandefjord,"17 Sjø og vassdrag, flerbruk",Planlagt og i bruk,Ferskvann,8531.234888109502
Sandefjord,"17 Sjø og vassdrag, flerbruk",Planlagt og i bruk,Fulldyrka jord,0.03877456379142553
Sandefjord,"17 Sjø og vassdrag, flerbruk",Planlagt og i bruk,Hav,96629.9761562887
Sandefjord,"17 Sjø og vassdrag, flerbruk",Planlagt og i bruk,Innmarksbeite,0.015373097929511814
Sandefjord,"17 Sjø og vassdrag, flerbruk",Planlagt og i bruk,Samferdsel,0.7715214968044328
Sandefjord,"17 Sjø og vassdrag, flerbruk",Planlagt og i bruk,Skog,2.5216530662931964
Sandefjord,"17 Sjø og vassdrag, flerbruk",Planlagt og i bruk,Åpen fastmark,2.2416122500504994
Sandefjord,18 Akvakultur,Planlagt og i bruk,Ferskvann,0.22628276861162755
Sandefjord,18 Akvakultur,Planlagt og i bruk,Fulldyrka jord,1.29996660528
Sandefjord,18 Akvakultur,Planlagt og i bruk,Skog,0.6012923647771553
Sandefjord,19 Udefinert,Planlagt og i bruk,Bebygd,172.91650179388498
Sandefjord,19 Udefinert,Planlagt og i bruk,Ferskvann,0.06917535061551297
Sandefjord,19 Udefinert,Planlagt og i bruk,Fulldyrka jord,27.00073968874757
Sandefjord,19 Udefinert,Planlagt og i bruk,Hav,17.973748356371583
Sandefjord,19 Udefinert,Planlagt og i bruk,Overflatedyrka jord,1.2709278565396702
Sandefjord,19 Udefinert,Planlagt og i bruk,Samferdsel,12.694608462771448
Sandefjord,19 Udefinert,Planlagt og i bruk,Skog,130.99894865857485
Sandefjord,19 Udefinert,Planlagt og i bruk,Åpen fastmark,27.662909910488217
Tønsberg,01 Bolig eller sentrumsformål,Antatt planreserve,Bebygd,3.384659475137842
Tønsberg,01 Bolig eller sentrumsformål,Antatt planreserve,Ferskvann,0.3573291300129779
Tønsberg,01 Bolig eller sentrumsformål,Antatt planreserve,Fulldyrka jord,134.82558694412694
Tønsberg,01 Bolig eller sentrumsformål,Antatt planreserve,Hav,0.012959495930870153
Tønsberg,01 Bolig eller sentrumsformål,Antatt planreserve,Innmarksbeite,4.175368568939383
Tønsberg,01 Bolig eller sentrumsformål,Antatt planreserve,Myr,30.948554694680098
Tønsberg,01 Bolig eller sentrumsformål,Antatt planreserve,Overflatedyrka jord,0.10408935735051612
Tønsberg,01 Bolig eller sentrumsformål,Antatt planreserve,Skog,1290.319619360909
Tønsberg,01 Bolig eller sentrumsformål,Antatt planreserve,Åpen fastmark,61.38901954965093
Tønsberg,01 Bolig eller sentrumsformål,Planlagt og i bruk,Bebygd,11720.953111330926
Tønsberg,01 Bolig eller sentrumsformål,Planlagt og i bruk,Ferskvann,1.6092974231677402
Tønsberg,01 Bolig eller sentrumsformål,Planlagt og i bruk,Fulldyrka jord,21.519425806160562
Tønsberg,01 Bolig eller sentrumsformål,Planlagt og i bruk,Hav,0.5063135481244583
Tønsberg,01 Bolig eller sentrumsformål,Planlagt og i bruk,Innmarksbeite,1.3963189363882333
Tønsberg,01 Bolig eller sentrumsformål,Planlagt og i bruk,Myr,3.0001193382787905
Tønsberg,01 Bolig eller sentrumsformål,Planlagt og i bruk,Overflatedyrka jord,1.5053230737911905
Tønsberg,01 Bolig eller sentrumsformål,Planlagt og i bruk,Samferdsel,588.2938127783586
Tønsberg,01 Bolig eller sentrumsformål,Planlagt og i bruk,Skog,576.9440816728104
Tønsberg,01 Bolig eller sentrumsformål,Planlagt og i bruk,Åpen fastmark,78.97089708763038
Tønsberg,02 Fritidsbebyggelse,Antatt planreserve,Skog,4.195924937667529
Tønsberg,02 Fritidsbebyggelse,Antatt planreserve,Åpen fastmark,0.8595191744908179
Tønsberg,02 Fritidsbebyggelse,Planlagt og i bruk,Bebygd,116.41057049916856
Tønsberg,02 Fritidsbebyggelse,Planlagt og i bruk,Ferskvann,0.03968419573375025
Tønsberg,02 Fritidsbebyggelse,Planlagt og i bruk,Myr,0.4564193875376957
Tønsberg,02 Fritidsbebyggelse,Planlagt og i bruk,Samferdsel,12.487644549053114
Tønsberg,02 Fritidsbebyggelse,Planlagt og i bruk,Skog,21.000378087592956
Tønsberg,02 Fritidsbebyggelse,Planlagt og i bruk,Åpen fastmark,0.9684147814926427
Tønsberg,03 Tjenesteyting,Antatt planreserve,Fulldyrka jord,106.1166417653885
Tønsberg,03 Tjenesteyting,Antatt planreserve,Innmarksbeite,8.748265215542473
Tønsberg,03 Tjenesteyting,Antatt planreserve,Myr,0.7012594132237131
Tønsberg,03 Tjenesteyting,Antatt planreserve,Overflatedyrka jord,1.3393656322590526
Tønsberg,03 Tjenesteyting,Antatt planreserve,Skog,233.55684799237778
Tønsberg,03 Tjenesteyting,Antatt planreserve,Åpen fastmark,26.867958920204376
Tønsberg,03 Tjenesteyting,Planlagt og i bruk,Bebygd,1198.0794067973586
Tønsberg,03 Tjenesteyting,Planlagt og i bruk,Ferskvann,0.23159955826855208
Tønsberg,03 Tjenesteyting,Planlagt og i bruk,Fulldyrka jord,14.090711203338607
Tønsberg,03 Tjenesteyting,Planlagt og i bruk,Hav,1.8032625416804633
Tønsberg,03 Tjenesteyting,Planlagt og i bruk,Innmarksbeite,0.748341737978446
Tønsberg,03 Tjenesteyting,Planlagt og i bruk,Myr,0.14962401162252098
Tønsberg,03 Tjenesteyting,Planlagt og i bruk,Overflatedyrka jord,2.2695722258634143
Tønsberg,03 Tjenesteyting,Planlagt og i bruk,Samferdsel,139.69828176091565
Tønsberg,03 Tjenesteyting,Planlagt og i bruk,Skog,115.51391104670911
Tønsberg,03 Tjenesteyting,Planlagt og i bruk,Åpen fastmark,66.92018579286321
Tønsberg,04 Handel,Antatt planreserve,Fulldyrka jord,0.7765050337911026
Tønsberg,04 Handel,Antatt planreserve,Skog,4.387071888855293
Tønsberg,04 Handel,Antatt planreserve,Åpen fastmark,9.07873021295569
Tønsberg,04 Handel,Planlagt og i bruk,Bebygd,92.71172017960036
Tønsberg,04 Handel,Planlagt og i bruk,Fulldyrka jord,3.237487587792058
Tønsberg,04 Handel,Planlagt og i bruk,Overflatedyrka jord,0.007525448481938223
Tønsberg,04 Handel,Planlagt og i bruk,Samferdsel,3.43241918924462
Tønsberg,04 Handel,Planlagt og i bruk,Skog,3.4790879721105257
Tønsberg,04 Handel,Planlagt og i bruk,Åpen fastmark,0.771098230826082
Tønsberg,05 Turistformål,Planlagt og i bruk,Bebygd,28.115453239756576
Tønsberg,05 Turistformål,Planlagt og i bruk,Fulldyrka jord,2.140832733102362
Tønsberg,05 Turistformål,Planlagt og i bruk,Hav,0.9482001790522351
Tønsberg,05 Turistformål,Planlagt og i bruk,Samferdsel,3.578678349172267
Tønsberg,05 Turistformål,Planlagt og i bruk,Skog,0.51493981511936
Tønsberg,05 Turistformål,Planlagt og i bruk,Åpen fastmark,1.085563658451021
Tønsberg,06 Næringsvirksomhet,Antatt planreserve,Ferskvann,0.13944824998437613
Tønsberg,06 Næringsvirksomhet,Antatt planreserve,Fulldyrka jord,106.75371762470564
Tønsberg,06 Næringsvirksomhet,Antatt planreserve,Innmarksbeite,3.5234846457046585
Tønsberg,06 Næringsvirksomhet,Antatt planreserve,Overflatedyrka jord,1.4028358286010825
Tønsberg,06 Næringsvirksomhet,Antatt planreserve,Skog,1332.3625059830963
Tønsberg,06 Næringsvirksomhet,Antatt planreserve,Åpen fastmark,52.2495429726301
Tønsberg,06 Næringsvirksomhet,Planlagt og i bruk,Bebygd,2375.5533103923735
Tønsberg,06 Næringsvirksomhet,Planlagt og i bruk,Ferskvann,14.523806156133436
Tønsberg,06 Næringsvirksomhet,Planlagt og i bruk,Fulldyrka jord,2.908347794902734
Tønsberg,06 Næringsvirksomhet,Planlagt og i bruk,Hav,1.2634426657046616
Tønsberg,06 Næringsvirksomhet,Planlagt og i bruk,Innmarksbeite,0.4490164264116265
Tønsberg,06 Næringsvirksomhet,Planlagt og i bruk,Samferdsel,251.16587696741223
Tønsberg,06 Næringsvirksomhet,Planlagt og i bruk,Skog,54.87078800476179
Tønsberg,06 Næringsvirksomhet,Planlagt og i bruk,Åpen fastmark,18.424610618546577
Tønsberg,07 Råstoffutvinning,Antatt planreserve,Fulldyrka jord,73.6626717705833
Tønsberg,07 Råstoffutvinning,Antatt planreserve,Skog,253.65360179169883
Tønsberg,07 Råstoffutvinning,Antatt planreserve,Åpen fastmark,12.423032568822407
Tønsberg,07 Råstoffutvinning,Planlagt og i bruk,Bebygd,357.2420225656173
Tønsberg,07 Råstoffutvinning,Planlagt og i bruk,Ferskvann,3.906403174695152
Tønsberg,07 Råstoffutvinning,Planlagt og i bruk,Fulldyrka jord,1.243850237797508
Tønsberg,07 Råstoffutvinning,Planlagt og i bruk,Innmarksbeite,0.12313887053631413
Tønsberg,07 Råstoffutvinning,Planlagt og i bruk,Samferdsel,21.253698488291363
Tønsberg,07 Råstoffutvinning,Planlagt og i bruk,Skog,7.647662579006315
Tønsberg,07 Råstoffutvinning,Planlagt og i bruk,Åpen fastmark,3.05815908438126
Tønsberg,08 Kombinerte formål,Antatt planreserve,Fulldyrka jord,67.2765680955614
Tønsberg,08 Kombinerte formål,Antatt planreserve,Hav,0.4687610544148574
Tønsberg,08 Kombinerte formål,Antatt planreserve,Skog,161.85487503837123
Tønsberg,08 Kombinerte formål,Antatt planreserve,Åpen fastmark,200.5755158560057
Tønsberg,08 Kombinerte formål,Planlagt og i bruk,Bebygd,940.1408392910888
Tønsberg,08 Kombinerte formål,Planlagt og i bruk,Ferskvann,1.5520274214787175
Tønsberg,08 Kombinerte formål,Planlagt og i bruk,Fulldyrka jord,61.1632061225376
Tønsberg,08 Kombinerte formål,Planlagt og i bruk,Innmarksbeite,0.5409041501416263
Tønsberg,08 Kombinerte formål,Planlagt og i bruk,Samferdsel,95.84804132485554
Tønsberg,08 Kombinerte formål,Planlagt og i bruk,Skog,19.80269832754467
Tønsberg,08 Kombinerte formål,Planlagt og i bruk,Åpen fastmark,33.601646666837006
Tønsberg,09 Idrettsanlegg,Antatt planreserve,Ferskvann,0.21154773170194277
Tønsberg,09 Idrettsanlegg,Antatt planreserve,Fulldyrka jord,166.39007097795908
Tønsberg,09 Idrettsanlegg,Antatt planreserve,Skog,599.771619766498
Tønsberg,09 Idrettsanlegg,Antatt planreserve,Åpen fastmark,19.537235869054665
Tønsberg,09 Idrettsanlegg,Planlagt og i bruk,Bebygd,222.63092943788334
Tønsberg,09 Idrettsanlegg,Planlagt og i bruk,Ferskvann,2.53735055395555
Tønsberg,09 Idrettsanlegg,Planlagt og i bruk,Fulldyrka jord,6.736613846841304
Tønsberg,09 Idrettsanlegg,Planlagt og i bruk,Innmarksbeite,1.5282159294999889
Tønsberg,09 Idrettsanlegg,Planlagt og i bruk,Samferdsel,52.844553475119916
Tønsberg,09 Idrettsanlegg,Planlagt og i bruk,Skog,33.92870550658395
Tønsberg,09 Idrettsanlegg,Planlagt og i bruk,Åpen fastmark,459.7819641875781
Tønsberg,10 Andre formål,Planlagt og i bruk,Bebygd,538.9684192902582
Tønsberg,10 Andre formål,Planlagt og i bruk,Ferskvann,5.3283590252707596
Tønsberg,10 Andre formål,Planlagt og i bruk,Fulldyrka jord,25.004334293837047
Tønsberg,10 Andre formål,Planlagt og i bruk,Hav,1.394954129311278
Tønsberg,10 Andre formål,Planlagt og i bruk,Myr,3.820424974078619
Tønsberg,10 Andre formål,Planlagt og i bruk,Samferdsel,46.10517701570902
Tønsberg,10 Andre formål,Planlagt og i bruk,Skog,240.4655725924677
Tønsberg,10 Andre formål,Planlagt og i bruk,Åpen fastmark,98.5515922108821
Tønsberg,11 Samferdselsanlegg,Antatt planreserve,Bebygd,0.4559855018028972
Tønsberg,11 Samferdselsanlegg,Antatt planreserve,Ferskvann,0.1516676429397695
Tønsberg,11 Samferdselsanlegg,Antatt planreserve,Fulldyrka jord,25.164439434962365
Tønsberg,11 Samferdselsanlegg,Antatt planreserve,Innmarksbeite,0.5373815594651792
Tønsberg,11 Samferdselsanlegg,Antatt planreserve,Myr,5.003672532771886
Tønsberg,11 Samferdselsanlegg,Antatt planreserve,Overflatedyrka jord,0.16588275894412102
Tønsberg,11 Samferdselsanlegg,Antatt planreserve,Skog,147.14356641207382
Tønsberg,11 Samferdselsanlegg,Antatt planreserve,Åpen fastmark,53.54218787260746
Tønsberg,11 Samferdselsanlegg,Planlagt og i bruk,Bebygd,776.886101363917
Tønsberg,11 Samferdselsanlegg,Planlagt og i bruk,Ferskvann,4.475662567419643
Tønsberg,11 Samferdselsanlegg,Planlagt og i bruk,Fulldyrka jord,371.00428212945695
Tønsberg,11 Samferdselsanlegg,Planlagt og i bruk,Hav,0.8920071603305808
Tønsberg,11 Samferdselsanlegg,Planlagt og i bruk,Innmarksbeite,7.295450689981088
Tønsberg,11 Samferdselsanlegg,Planlagt og i bruk,Myr,9.951159085463242
Tønsberg,11 Samferdselsanlegg,Planlagt og i bruk,Overflatedyrka jord,3.931903831411133
Tønsberg,11 Samferdselsanlegg,Planlagt og i bruk,Samferdsel,5351.010550891924
Tønsberg,11 Samferdselsanlegg,Planlagt og i bruk,Skog,460.6958175794511
Tønsberg,11 Samferdselsanlegg,Planlagt og i bruk,Åpen fastmark,855.2444908766504
Tønsberg,12 Blå/grønnstruktur,Planlagt og i bruk,Bebygd,868.931130722957
Tønsberg,12 Blå/grønnstruktur,Planlagt og i bruk,Ferskvann,19.095975925753663
Tønsberg,12 Blå/grønnstruktur,Planlagt og i bruk,Fulldyrka jord,181.85267781172504
Tønsberg,12 Blå/grønnstruktur,Planlagt og i bruk,Hav,30.951600841644954
Tønsberg,12 Blå/grønnstruktur,Planlagt og i bruk,Innmarksbeite,71.5460522006599
Tønsberg,12 Blå/grønnstruktur,Planlagt og i bruk,Myr,122.35139334876338
Tønsberg,12 Blå/grønnstruktur,Planlagt og i bruk,Overflatedyrka jord,10.751530111224644
Tønsberg,12 Blå/grønnstruktur,Planlagt og i bruk,Samferdsel,267.72635208047967
Tønsberg,12 Blå/grønnstruktur,Planlagt og i bruk,Skog,3308.8376678945506
Tønsberg,12 Blå/grønnstruktur,Planlagt og i bruk,Åpen fastmark,975.2427754577643
Tønsberg,13 Forsvaret,Planlagt og i bruk,Bebygd,5.251454511495948
Tønsberg,13 Forsvaret,Planlagt og i bruk,Fulldyrka jord,22.007101736269597
Tønsberg,13 Forsvaret,Planlagt og i bruk,Skog,3.1340375118679775
Tønsberg,13 Forsvaret,Planlagt og i bruk,Åpen fastmark,0.7672951395357688
Tønsberg,14 LNFR,Planlagt og i bruk,Bebygd,7395.028643075077
Tønsberg,14 LNFR,Planlagt og i bruk,Ferskvann,27.109423535228157
Tønsberg,14 LNFR,Planlagt og i bruk,Fulldyrka jord,112910.49212797922
Tønsberg,14 LNFR,Planlagt og i bruk,Innmarksbeite,3104.5228447539107
Tønsberg,14 LNFR,Planlagt og i bruk,Myr,2814.418596408525
Tønsberg,14 LNFR,Planlagt og i bruk,Overflatedyrka jord,346.201434295313
Tønsberg,14 LNFR,Planlagt og i bruk,Samferdsel,4260.010685553419
Tønsberg,14 LNFR,Planlagt og i bruk,Skog,143619.46871549851
Tønsberg,14 LNFR,Planlagt og i bruk,Åpen fastmark,3534.6812029714233
Tønsberg,15 LNFR spredt,Planlagt og i bruk,Bebygd,280.4705473776082
Tønsberg,15 LNFR spredt,Planlagt og i bruk,Ferskvann,8.646260963699799
Tønsberg,15 LNFR spredt,Planlagt og i bruk,Fulldyrka jord,710.1508607723807
Tønsberg,15 LNFR spredt,Planlagt og i bruk,Innmarksbeite,202.4772788677753
Tønsberg,15 LNFR spredt,Planlagt og i bruk,Myr,0.631855571366924
Tønsberg,15 LNFR spredt,Planlagt og i bruk,Overflatedyrka jord,13.47956576439158
Tønsberg,15 LNFR spredt,Planlagt og i bruk,Samferdsel,185.3621534317265
Tønsberg,15 LNFR spredt,Planlagt og i bruk,Skog,4630.125974146835
Tønsberg,15 LNFR spredt,Planlagt og i bruk,Åpen fastmark,72.6149517372394
Tønsberg,16 Havner og småbåthavner,Planlagt og i bruk,Bebygd,15.266601387983798
Tønsberg,16 Havner og småbåthavner,Planlagt og i bruk,Hav,260.0437378526913
Tønsberg,16 Havner og småbåthavner,Planlagt og i bruk,Samferdsel,8.512449984100627
Tønsberg,16 Havner og småbåthavner,Planlagt og i bruk,Åpen fastmark,1.1081724692688781
Tønsberg,"17 Sjø og vassdrag, flerbruk",Planlagt og i bruk,Bebygd,0.8488500337404776
Tønsberg,"17 Sjø og vassdrag, flerbruk",Planlagt og i bruk,Ferskvann,4223.756935959699
Tønsberg,"17 Sjø og vassdrag, flerbruk",Planlagt og i bruk,Fulldyrka jord,0.015370368783118678
Tønsberg,"17 Sjø og vassdrag, flerbruk",Planlagt og i bruk,Hav,53401.480731923075
Tønsberg,"17 Sjø og vassdrag, flerbruk",Planlagt og i bruk,Samferdsel,2.9579107976792995
Tønsberg,"17 Sjø og vassdrag, flerbruk",Planlagt og i bruk,Skog,2.3641303867274526
Tønsberg,"17 Sjø og vassdrag, flerbruk",Planlagt og i bruk,Åpen fastmark,19.002663644395803
Tønsberg,18 Akvakultur,Planlagt og i bruk,Bebygd,0.00861083975484157
Tønsberg,18 Akvakultur,Planlagt og i bruk,Ferskvann,0.1704540610936027
Tønsberg,18 Akvakultur,Planlagt og i bruk,Fulldyrka jord,0.8196859587139305
Tønsberg,18 Akvakultur,Planlagt og i bruk,Hav,1.5350444231580478
Tønsberg,18 Akvakultur,Planlagt og i bruk,Innmarksbeite,0.02898389659476796
Tønsberg,18 Akvakultur,Planlagt og i bruk,Overflatedyrka jord,0.03805901473000772
Tønsberg,18 Akvakultur,Planlagt og i bruk,Samferdsel,0.43851900199337884
Tønsberg,18 Akvakultur,Planlagt og i bruk,Skog,0.049571842696576274
Tønsberg,18 Akvakultur,Planlagt og i bruk,Åpen fastmark,0.5114603814679228
Tønsberg,19 Udefinert,Planlagt og i bruk,Bebygd,139.30738482281052
Tønsberg,19 Udefinert,Planlagt og i bruk,Ferskvann,4.537868832512966
Tønsberg,19 Udefinert,Planlagt og i bruk,Fulldyrka jord,483.9060099519979
Tønsberg,19 Udefinert,Planlagt og i bruk,Hav,13.767425630465425
Tønsberg,19 Udefinert,Planlagt og i bruk,Innmarksbeite,2.720810235797897
Tønsberg,19 Udefinert,Planlagt og i bruk,Myr,3.628584656527128
Tønsberg,19 Udefinert,Planlagt og i bruk,Overflatedyrka jord,1.8299239035652588
Tønsberg,19 Udefinert,Planlagt og i bruk,Samferdsel,54.974642925044776
Tønsberg,19 Udefinert,Planlagt og i bruk,Skog,176.03661582772597
Tønsberg,19 Udefinert,Planlagt og i bruk,Åpen fastmark,66.056055894611
